"Time (s)","X (µT)","Y (µT)","Z (µT)"
6.03545899E+01,-2423,3680,-2236
6.03747069E+01,-2521,3678,-2106
6.03948239E+01,-2632,3717,-1953
6.04149409E+01,-2732,3724,-1804
6.04350589E+01,-2831,3751,-1656
6.04551759E+01,-2924,3772,-1513
6.04752929E+01,-3013,3746,-1351
6.04954099E+01,-3097,3796,-1202
6.05155269E+01,-3160,3798,-1077
6.05356439E+01,-3247,3808,-910
6.05557609E+01,-3306,3784,-762
6.05758779E+01,-3382,3775,-619
6.05959949E+01,-3429,3778,-619
6.06161119E+01,-3429,3778,-487
6.06362289E+01,-3474,3760,-356
6.06563459E+01,-3533,3776,-214
6.06764629E+01,-3571,3773,-78
6.06965803E+01,-3615,3754,46
6.07166973E+01,-3644,3754,170
6.07368143E+01,-3654,3760,257
6.07569313E+01,-3682,3761,367
6.07770483E+01,-3715,3753,454
6.07971653E+01,-3731,3745,532
6.08172823E+01,-3747,3710,612
6.08373993E+01,-3759,3684,689
6.08575163E+01,-3791,3696,739
6.08776333E+01,-3806,3692,804
6.08977503E+01,-3807,3650,822
6.09178673E+01,-3836,3666,882
6.09379843E+01,-3819,3666,896
6.09581013E+01,-3833,3652,942
6.09782183E+01,-3838,3660,956
6.09983353E+01,-3830,3664,993
6.10184523E+01,-3840,3664,986
6.10385693E+01,-3822,3642,998
6.10586873E+01,-3842,3664,997
6.10788043E+01,-3857,3646,998
6.10989213E+01,-3856,3639,1017
6.11190383E+01,-3850,3616,1036
6.11391553E+01,-3854,3619,1033
6.11592723E+01,-3856,3620,1055
6.11793893E+01,-3876,3611,1038
6.11995063E+01,-3870,3604,1062
6.12196233E+01,-3868,3611,1062
6.12397403E+01,-3868,3605,1054
6.12598573E+01,-3871,3580,1077
6.12799743E+01,-3859,3585,1064
6.13000913E+01,-3877,3585,1090
6.13202083E+01,-3873,3585,1090
6.13403253E+01,-3873,3579,1078
6.13604423E+01,-3865,3563,1099
6.13805593E+01,-3864,3586,1093
6.14006763E+01,-3885,3597,1082
6.14207933E+01,-3868,3587,1079
6.14409103E+01,-3853,3595,1083
6.14610273E+01,-3849,3599,1068
6.14811443E+01,-3830,3628,1058
6.15012613E+01,-3832,3622,1035
6.15213783E+01,-3831,3628,1002
6.15414953E+01,-3829,3642,927
6.15616123E+01,-3798,3637,893
6.15817303E+01,-3804,3649,801
6.16018473E+01,-3802,3670,764
6.16219643E+01,-3766,3681,701
6.16420813E+01,-3757,3676,658
6.16621983E+01,-3744,3697,582
6.16823153E+01,-3744,3703,533
6.17024324E+01,-3725,3693,471
6.17225494E+01,-3714,3703,422
6.17426664E+01,-3704,3686,345
6.17627834E+01,-3679,3706,305
6.17829004E+01,-3662,3716,231
6.18030174E+01,-3665,3725,189
6.18231344E+01,-3656,3727,125
6.18432514E+01,-3623,3731,64
6.18633684E+01,-3617,3717,-7
6.18834854E+01,-3594,3733,-70
6.19036024E+01,-3570,3720,-137
6.19237194E+01,-3551,3732,-189
6.19438364E+01,-3518,3746,-259
6.19639534E+01,-3515,3772,-310
6.19840704E+01,-3483,3765,-363
6.20041874E+01,-3457,3785,-416
6.20243044E+01,-3435,3784,-471
6.20444224E+01,-3397,3784,-471
6.20645394E+01,-3397,3755,-524
6.20846564E+01,-3389,3778,-589
6.21047734E+01,-3355,3761,-649
6.21248904E+01,-3338,3751,-732
6.21450074E+01,-3298,3762,-789
6.21651244E+01,-3279,3747,-853
6.21852414E+01,-3249,3737,-914
6.22053584E+01,-3232,3745,-1008
6.22254754E+01,-3200,3721,-1065
6.22455924E+01,-3186,3688,-1156
6.22657094E+01,-3144,3668,-1220
6.22858264E+01,-3131,3645,-1312
6.23059434E+01,-3104,3598,-1392
6.23260604E+01,-3096,3535,-1487
6.23461774E+01,-3076,3495,-1565
6.23662944E+01,-3041,3410,-1656
6.23864114E+01,-2998,3383,-1723
6.24065284E+01,-2983,3347,-1814
6.24266454E+01,-2972,3329,-1865
6.24467624E+01,-2940,3279,-1918
6.24668794E+01,-2913,3280,-1972
6.24869974E+01,-2884,3275,-1997
6.25071144E+01,-2846,3250,-2035
6.25272314E+01,-2815,3278,-2079
6.25473484E+01,-2782,3251,-2143
6.25674654E+01,-2762,3237,-2176
6.25875824E+01,-2716,3197,-2242
6.26076994E+01,-2683,3198,-2279
6.26278164E+01,-2665,3183,-2325
6.26479334E+01,-2631,3133,-2380
6.26680504E+01,-2583,3128,-2427
6.26881674E+01,-2528,3097,-2479
6.27082839E+01,-2485,3091,-2528
6.27284009E+01,-2432,3080,-2575
6.27485179E+01,-2382,3076,-2653
6.27686349E+01,-2341,3076,-2653
6.27887519E+01,-2341,3049,-2710
6.28088689E+01,-2268,2997,-2765
6.28289859E+01,-2229,2965,-2819
6.28491029E+01,-2177,2922,-2883
6.28692199E+01,-2115,2908,-2930
6.28893369E+01,-2047,2885,-3001
6.29094549E+01,-2007,2864,-3042
6.29295719E+01,-1944,2868,-3099
6.29496889E+01,-1858,2908,-3152
6.29698059E+01,-1778,2933,-3198
6.29899229E+01,-1711,2936,-3230
6.30100399E+01,-1648,2956,-3264
6.30301569E+01,-1570,2960,-3300
6.30502739E+01,-1507,2982,-3361
6.30703909E+01,-1461,3004,-3378
6.30905079E+01,-1384,2992,-3410
6.31106249E+01,-1329,3008,-3427
6.31307419E+01,-1278,3014,-3466
6.31508589E+01,-1197,3033,-3508
6.31709759E+01,-1141,3060,-3518
6.31910929E+01,-1072,3079,-3552
6.32112099E+01,-1017,3094,-3569
6.32313269E+01,-954,3093,-3574
6.32514439E+01,-932,3125,-3601
6.32715619E+01,-851,3133,-3642
6.32916789E+01,-794,3144,-3647
6.33117959E+01,-722,3157,-3685
6.33319129E+01,-660,3191,-3707
6.33520299E+01,-577,3196,-3733
6.33721469E+01,-494,3217,-3737
6.33922639E+01,-438,3221,-3783
6.34123809E+01,-340,3230,-3789
6.34324979E+01,-248,3246,-3823
6.34526149E+01,-158,3237,-3830
6.34727319E+01,-86,3267,-3830
6.34928489E+01,-247,3267,-3881
6.35129659E+01,9,3270,-3892
6.35330829E+01,103,3278,-3912
6.35531999E+01,217,3290,-3906
6.35733169E+01,304,3326,-3937
6.35934339E+01,407,3345,-3955
6.36135509E+01,507,3358,-3970
6.36336689E+01,612,3375,-3966
6.36537859E+01,712,3377,-4004
6.36739029E+01,804,3407,-3990
6.36940199E+01,885,3400,-4008
6.37141373E+01,994,3431,-4009
6.37342543E+01,1087,3445,-4014
6.37543713E+01,1180,3451,-4022
6.37744883E+01,1278,3483,-4011
6.37946053E+01,1391,3484,-4011
6.38147223E+01,1476,3491,-4023
6.38348393E+01,1579,3514,-4015
6.38549563E+01,1681,3515,-4027
6.38750733E+01,1763,3531,-4000
6.38951903E+01,1852,3526,-3997
6.39153073E+01,1937,3518,-3993
6.39354243E+01,2033,3541,-3997
6.39555413E+01,2126,3544,-3991
6.39756583E+01,2211,3503,-3984
6.39957763E+01,2299,3488,-3977
6.40158933E+01,2367,3509,-3979
6.40360103E+01,2453,3479,-3977
6.40561273E+01,2523,3487,-3948
6.40762443E+01,2598,3478,-3944
6.40963613E+01,2683,3494,-3926
6.41164783E+01,2746,3490,-3920
6.41365953E+01,2822,3480,-3898
6.41567123E+01,2897,3503,-3869
6.41768293E+01,2981,3513,-3851
6.41969463E+01,3033,3530,-3851
6.42170633E+01,2857,3530,-3838
6.42371803E+01,3113,3537,-3789
6.42572973E+01,3209,3550,-3792
6.42774143E+01,3292,3568,-3736
6.42975313E+01,3344,3576,-3718
6.43176483E+01,3402,3582,-3697
6.43377663E+01,3480,3589,-3650
6.43578833E+01,3542,3608,-3610
6.43780003E+01,3624,3592,-3591
6.43981173E+01,3696,3609,-3568
6.44182343E+01,3733,3615,-3532
6.44383513E+01,3793,3614,-3490
6.44584683E+01,3845,3622,-3464
6.44785853E+01,3923,3621,-3424
6.44987023E+01,3965,3609,-3397
6.45188193E+01,4037,3603,-3369
6.45389363E+01,4090,3624,-3333
6.45590533E+01,4152,3603,-3286
6.45791703E+01,4198,3602,-3243
6.45992873E+01,4281,3610,-3200
6.46194043E+01,4345,3606,-3163
6.46395213E+01,4397,3606,-3122
6.46596393E+01,4456,3605,-3066
6.46797563E+01,4547,3626,-3015
6.46998732E+01,4601,3604,-2964
6.47199902E+01,4666,3609,-2909
6.47401072E+01,4740,3595,-2853
6.47602242E+01,4786,3596,-2807
6.47803412E+01,4878,3593,-2753
6.48004582E+01,4948,3577,-2695
6.48205752E+01,5003,3574,-2626
6.48406922E+01,5066,3564,-2571
6.48608092E+01,5117,3574,-2507
6.48809262E+01,5192,3561,-2457
6.49010432E+01,5248,3566,-2392
6.49211602E+01,5322,3544,-2392
6.49412772E+01,5368,3544,-2333
6.49613942E+01,5368,3541,-2252
6.49815122E+01,5439,3527,-2193
6.50016292E+01,5493,3523,-2122
6.50217462E+01,5554,3501,-2066
6.50418632E+01,5621,3478,-1999
6.50619802E+01,5677,3459,-1949
6.50820972E+01,5719,3446,-1880
6.51022142E+01,5779,3420,-1806
6.51223312E+01,5840,3386,-1739
6.51424482E+01,5884,3397,-1671
6.51625652E+01,5933,3392,-1603
6.51826822E+01,5982,3373,-1525
6.52027992E+01,6016,3376,-1464
6.52229162E+01,6074,3357,-1402
6.52430332E+01,6118,3359,-1329
6.52631502E+01,6144,3340,-1268
6.52832672E+01,6183,3320,-1195
6.53033852E+01,6216,3344,-1140
6.53235022E+01,6254,3298,-1092
6.53436192E+01,6278,3300,-1034
6.53637362E+01,6313,3253,-967
6.53838532E+01,6334,3241,-925
6.54039702E+01,6373,3242,-866
6.54240872E+01,6383,3230,-797
6.54442042E+01,6432,3228,-738
6.54643212E+01,6443,3216,-691
6.54844382E+01,6480,3195,-614
6.55045552E+01,6496,3197,-556
6.55246722E+01,6511,3167,-530
6.55447892E+01,6543,3163,-442
6.55649062E+01,6554,3164,-387
6.55850232E+01,6586,3139,-320
6.56051402E+01,6599,3138,-248
6.56252582E+01,6634,3117,-189
6.56453752E+01,6661,3134,-189
6.56654922E+01,6661,3134,-112
6.56856092E+01,6667,3120,-37
6.57057263E+01,6685,3095,54
6.57258433E+01,6704,3104,143
6.57459603E+01,6722,3076,228
6.57660773E+01,6738,3075,312
6.57861943E+01,6769,3031,384
6.58063113E+01,6768,3041,474
6.58264283E+01,6782,3044,549
6.58465453E+01,6786,3044,651
6.58666623E+01,6788,3055,745
6.58867793E+01,6789,3031,854
6.59068963E+01,6800,3016,957
6.59270143E+01,6805,3026,1052
6.59471313E+01,6792,3017,1151
6.59672483E+01,6762,3022,1233
6.59873653E+01,6778,3006,1327
6.60074823E+01,6772,3019,1404
6.60275993E+01,6788,3011,1482
6.60477163E+01,6762,2996,1563
6.60678333E+01,6761,2996,1629
6.60879503E+01,6742,2984,1713
6.61080673E+01,6732,2970,1769
6.61281843E+01,6720,2972,1822
6.61483013E+01,6702,2964,1893
6.61684183E+01,6715,2934,1953
6.61885353E+01,6687,2946,2008
6.62086523E+01,6685,2912,2076
6.62287703E+01,6678,2909,2125
6.62488873E+01,6683,2921,2142
6.62690043E+01,6670,2942,2178
6.62891213E+01,6662,2918,2232
6.63092383E+01,6626,2950,2268
6.63293553E+01,6621,2944,2302
6.63494723E+01,6605,2956,2369
6.63695893E+01,6604,2961,2369
6.63897063E+01,6604,2961,2395
6.64098233E+01,6562,2957,2461
6.64299403E+01,6571,2995,2490
6.64500573E+01,6547,2997,2514
6.64701743E+01,6546,3004,2558
6.64902913E+01,6512,3020,2572
6.65104083E+01,6524,3024,2598
6.65305263E+01,6515,3046,2625
6.65506433E+01,6497,3043,2633
6.65707603E+01,6505,3046,2663
6.65908773E+01,6492,3083,2695
6.66109943E+01,6476,3076,2734
6.66311113E+01,6461,3088,2760
6.66512283E+01,6446,3080,2815
6.66713453E+01,6425,3102,2841
6.66914623E+01,6406,3109,2881
6.67115788E+01,6395,3132,2914
6.67316958E+01,6381,3149,2965
6.67518128E+01,6359,3157,2987
6.67719298E+01,6348,3164,3021
6.67920468E+01,6312,3176,3067
6.68121638E+01,6296,3204,3093
6.68322818E+01,6276,3221,3104
6.68523988E+01,6255,3229,3152
6.68725158E+01,6217,3254,3182
6.68926328E+01,6199,3246,3234
6.69127498E+01,6187,3279,3260
6.69328668E+01,6162,3274,3289
6.69529838E+01,6122,3287,3327
6.69731008E+01,6096,3307,3375
6.69932178E+01,6071,3311,3389
6.70133348E+01,6063,3321,3464
6.70334518E+01,6030,3322,3477
6.70535688E+01,6025,3320,3525
6.70736858E+01,5955,3339,3562
6.70938028E+01,5944,3332,3562
6.71139198E+01,5944,3332,3590
6.71340378E+01,5926,3342,3647
6.71541548E+01,5895,3338,3703
6.71742718E+01,5853,3352,3724
6.71943888E+01,5816,3339,3770
6.72145058E+01,5796,3353,3799
6.72346228E+01,5763,3346,3825
6.72547398E+01,5749,3344,3870
6.72748568E+01,5731,3349,3908
6.72949738E+01,5679,3322,3978
6.73150908E+01,5638,3306,4030
6.73352078E+01,5603,3290,4083
6.73553248E+01,5553,3301,4163
6.73754418E+01,5504,3299,4218
6.73955588E+01,5465,3285,4265
6.74156758E+01,5425,3271,4326
6.74357938E+01,5379,3266,4384
6.74559108E+01,5330,3248,4461
6.74760278E+01,5281,3245,4511
6.74961448E+01,5224,3245,4571
6.75162618E+01,5194,3208,4604
6.75363788E+01,5151,3207,4676
6.75564958E+01,5111,3185,4731
6.75766128E+01,5064,3139,4779
6.75967298E+01,5021,3133,4841
6.76168468E+01,4984,3141,4888
6.76369638E+01,4925,3149,4929
6.76570808E+01,4905,3147,4964
6.76771978E+01,4868,3121,4984
6.76973148E+01,4826,3099,5045
6.77174330E+01,4770,3094,5052
6.77375500E+01,4752,3060,5103
6.77576670E+01,4702,3076,5133
6.77777840E+01,4654,3070,5169
6.77979010E+01,4619,3052,5191
6.78180180E+01,4573,3036,5191
6.78381350E+01,4525,3036,5246
6.78582520E+01,4525,3058,5266
6.78783690E+01,4495,3019,5290
6.78984860E+01,4456,3025,5321
6.79186030E+01,4427,3018,5357
6.79387200E+01,4357,3020,5375
6.79588370E+01,4345,3014,5433
6.79789540E+01,4275,3006,5464
6.79990710E+01,4217,2987,5516
6.80191890E+01,4164,2987,5562
6.80393060E+01,4103,2965,5594
6.80594230E+01,4034,2949,5635
6.80795400E+01,3991,2925,5676
6.80996570E+01,3944,2929,5716
6.81197740E+01,3896,2904,5747
6.81398910E+01,3840,2896,5764
6.81600080E+01,3832,2920,5784
6.81801250E+01,3792,2934,5792
6.82002420E+01,3757,2970,5809
6.82203590E+01,3721,2970,5819
6.82404760E+01,3696,2975,5843
6.82605930E+01,3631,2976,5831
6.82807100E+01,3606,3014,5838
6.83008270E+01,3567,3027,5857
6.83209450E+01,3544,3031,5864
6.83410620E+01,3516,3045,5874
6.83611790E+01,3481,3044,5887
6.83812960E+01,3436,3058,5911
6.84014130E+01,3396,3063,5910
6.84215300E+01,3366,3069,5922
6.84416470E+01,3345,3081,5934
6.84617640E+01,3296,3085,5954
6.84818810E+01,3253,3112,5944
6.85019980E+01,3209,3125,5955
6.85221150E+01,3160,3127,5971
6.85422320E+01,3130,3141,5961
6.85623490E+01,3089,3141,5961
6.85824660E+01,3089,3159,5979
6.86025830E+01,3060,3164,5993
6.86227010E+01,3009,3188,6012
6.86428180E+01,2963,3167,6023
6.86629350E+01,2912,3197,6021
6.86830520E+01,2892,3217,6047
6.87031695E+01,2819,3213,6052
6.87232865E+01,2780,3227,6052
6.87434035E+01,2717,3249,6056
6.87635205E+01,2689,3270,6069
6.87836375E+01,2640,3278,6078
6.88037545E+01,2586,3255,6097
6.88238715E+01,2536,3290,6113
6.88439885E+01,2479,3271,6123
6.88641055E+01,2416,3250,6147
6.88842225E+01,2363,3256,6165
6.89043395E+01,2283,3238,6175
6.89244575E+01,2206,3237,6217
6.89445745E+01,2143,3218,6229
6.89646915E+01,2077,3187,6252
6.89848085E+01,2012,3154,6263
6.90049255E+01,1930,3140,6294
6.90250425E+01,1850,3113,6310
6.90451595E+01,1806,3111,6330
6.90652765E+01,1719,3075,6330
6.90853935E+01,1657,3092,6333
6.91055105E+01,1580,3092,6329
6.91256275E+01,1520,3085,6338
6.91457445E+01,1461,3092,6352
6.91658615E+01,1377,3078,6355
6.91859785E+01,1302,3070,6367
6.92060955E+01,1257,3083,6351
6.92262135E+01,1169,3055,6348
6.92463305E+01,1103,3049,6350
6.92664475E+01,1022,3039,6362
6.92865645E+01,944,3042,6362
6.93066815E+01,944,3042,6378
6.93267985E+01,864,3045,6361
6.93469155E+01,784,3034,6343
6.93670325E+01,740,3062,6339
6.93871495E+01,649,3067,6313
6.94072665E+01,565,3099,6317
6.94273835E+01,484,3092,6311
6.94475005E+01,404,3090,6293
6.94676175E+01,313,3113,6268
6.94877345E+01,235,3111,6257
6.95078515E+01,162,3129,6225
6.95279695E+01,82,3140,6221
6.95480865E+01,8,3176,6186
6.95682035E+01,-41,3173,6173
6.95883205E+01,-101,3201,6159
6.96084375E+01,-182,3192,6149
6.96285545E+01,-225,3180,6136
6.96486715E+01,-280,3178,6126
6.96687885E+01,-339,3172,6111
6.96889055E+01,-383,3207,6100
6.97090219E+01,-432,3196,6080
6.97291389E+01,-502,3182,6080
6.97492559E+01,-551,3205,6054
6.97693729E+01,-591,3199,6046
6.97894899E+01,-653,3196,6034
6.98096069E+01,-701,3191,6015
6.98297239E+01,-752,3163,6009
6.98498419E+01,-800,3165,5996
6.98699589E+01,-853,3204,5979
6.98900759E+01,-898,3188,5970
6.99101929E+01,-942,3214,5952
6.99303099E+01,-994,3191,5903
6.99504269E+01,-1050,3178,5909
6.99705439E+01,-1110,3169,5901
6.99906609E+01,-1173,3165,5882
7.00107779E+01,-1246,3141,5882
7.00308949E+01,-1246,3141,5860
7.00510119E+01,-1299,3139,5839
7.00711289E+01,-1364,3148,5822
7.00912459E+01,-1446,3115,5798
7.01113629E+01,-1509,3128,5750
7.01314799E+01,-1585,3114,5721
7.01515979E+01,-1659,3124,5691
7.01717149E+01,-1725,3125,5664
7.01918319E+01,-1790,3110,5621
7.02119489E+01,-1870,3119,5591
7.02320659E+01,-1940,3111,5552
7.02521829E+01,-2026,3122,5524
7.02722999E+01,-2098,3142,5440
7.02924169E+01,-2166,3138,5410
7.03125339E+01,-2251,3143,5351
7.03326509E+01,-2343,3150,5298
7.03527679E+01,-2418,3149,5233
7.03728849E+01,-2501,3146,5182
7.03930019E+01,-2579,3159,5109
7.04131189E+01,-2674,3161,5043
7.04332359E+01,-2781,3171,4968
7.04533529E+01,-2831,3182,4880
7.04734699E+01,-2923,3197,4805
7.04935879E+01,-2996,3213,4715
7.05137049E+01,-3072,3219,4637
7.05338219E+01,-3109,3230,4554
7.05539389E+01,-3228,3202,4461
7.05740559E+01,-3292,3190,4382
7.05941729E+01,-3360,3217,4290
7.06142899E+01,-3413,3212,4217
7.06344069E+01,-3505,3201,4125
7.06545239E+01,-3572,3209,4055
7.06746409E+01,-3634,3206,3934
7.06947579E+01,-3692,3208,3844
7.07148748E+01,-3752,3243,3737
7.07349918E+01,-3789,3258,3737
7.07551088E+01,-3789,3258,3666
7.07752258E+01,-3850,3252,3565
7.07953438E+01,-3902,3251,3458
7.08154608E+01,-3960,3273,3354
7.08355778E+01,-4009,3268,3256
7.08556948E+01,-4067,3272,3139
7.08758118E+01,-4106,3306,3024
7.08959288E+01,-4143,3325,2915
7.09160458E+01,-4198,3343,2806
7.09361628E+01,-4235,3336,2682
7.09562798E+01,-4267,3355,2542
7.09763968E+01,-4324,3397,2423
7.09965138E+01,-4350,3411,2305
7.10166308E+01,-4399,3406,2179
7.10367478E+01,-4422,3407,2052
7.10568648E+01,-4463,3431,1922
7.10769818E+01,-4471,3434,1802
7.10970988E+01,-4494,3445,1670
7.11172158E+01,-4518,3418,1536
7.11373338E+01,-4532,3457,1373
7.11574508E+01,-4575,3459,1228
7.11775678E+01,-4591,3442,1083
7.11976848E+01,-4582,3412,936
7.12178018E+01,-4621,3418,772
7.12379188E+01,-4615,3397,599
7.12580358E+01,-4628,3387,452
7.12781528E+01,-4622,3362,283
7.12982698E+01,-4613,3361,132
7.13183868E+01,-4607,3348,-31
7.13385038E+01,-4594,3339,-178
7.13586208E+01,-4573,3321,-344
7.13787378E+01,-4545,3285,-490
7.13988548E+01,-4518,3283,-659
7.14189718E+01,-4479,3284,-798
7.14390888E+01,-4448,3248,-964
7.14592058E+01,-4383,3245,-964
7.14793238E+01,-4383,3245,-1100
7.14994408E+01,-4353,3239,-1267
7.15195578E+01,-4273,3223,-1391
7.15396748E+01,-4246,3183,-1555
7.15597918E+01,-4174,3191,-1689
7.15799088E+01,-4109,3163,-1803
7.16000258E+01,-4035,3170,-1936
7.16201428E+01,-3971,3138,-2092
7.16402598E+01,-3894,3150,-2206
7.16603768E+01,-3816,3130,-2350
7.16804938E+01,-3724,3119,-2465
7.17006108E+01,-3666,3107,-2590
7.17207284E+01,-3561,3096,-2681
7.17408454E+01,-3484,3110,-2788
7.17609624E+01,-3377,3122,-2881
7.17810794E+01,-3317,3110,-2988
7.18011964E+01,-3236,3118,-3034
7.18213134E+01,-3183,3121,-3125
7.18414314E+01,-3101,3125,-3181
7.18615484E+01,-3067,3103,-3243
7.18816654E+01,-2998,3104,-3270
7.19017824E+01,-2960,3086,-3325
7.19218994E+01,-2913,3107,-3369
7.19420164E+01,-2890,3096,-3377
7.19621334E+01,-2847,3107,-3400
7.19822504E+01,-2848,3118,-3414
7.20023674E+01,-2832,3124,-3423
7.20224844E+01,-2826,3139,-3402
7.20426014E+01,-2834,3134,-3388
7.20627184E+01,-2841,3153,-3360
7.20828354E+01,-2870,3169,-3333
7.21029524E+01,-2908,3169,-3305
7.21230694E+01,-2922,3193,-3276
7.21431864E+01,-2946,3210,-3208
7.21633034E+01,-2982,3244,-3196
7.21834204E+01,-3005,3265,-3196
7.22035384E+01,-3005,3265,-3139
7.22236554E+01,-3041,3264,-3092
7.22437724E+01,-3079,3296,-3036
7.22638894E+01,-3109,3317,-2995
7.22840064E+01,-3143,3327,-2937
7.23041234E+01,-3160,3359,-2881
7.23242404E+01,-3211,3353,-2800
7.23443574E+01,-3261,3367,-2763
7.23644744E+01,-3295,3406,-2676
7.23845914E+01,-3351,3394,-2628
7.24047084E+01,-3387,3420,-2532
7.24248254E+01,-3470,3429,-2453
7.24449424E+01,-3499,3427,-2376
7.24650594E+01,-3555,3438,-2283
7.24851764E+01,-3588,3456,-2199
7.25052934E+01,-3633,3462,-2108
7.25254104E+01,-3707,3472,-1999
7.25455274E+01,-3750,3478,-1910
7.25656444E+01,-3815,3476,-1801
7.25857614E+01,-3877,3502,-1693
7.26058794E+01,-3959,3467,-1544
7.26259964E+01,-4000,3483,-1435
7.26461134E+01,-4060,3458,-1299
7.26662304E+01,-4106,3441,-1150
7.26863474E+01,-4137,3460,-1056
7.27064640E+01,-4184,3441,-914
7.27265810E+01,-4233,3432,-796
7.27466980E+01,-4279,3440,-671
7.27668150E+01,-4323,3430,-566
7.27869320E+01,-4348,3419,-429
7.28070490E+01,-4366,3415,-340
7.28271660E+01,-4401,3428,-214
7.28472830E+01,-4416,3432,-124
7.28674000E+01,-4420,3441,1
7.28875170E+01,-4418,3443,73
7.29076340E+01,-4424,3443,73
7.29277510E+01,-4424,3476,192
7.29478680E+01,-4415,3489,295
7.29679850E+01,-4414,3512,390
7.29881020E+01,-4419,3548,500
7.30082200E+01,-4385,3579,609
7.30283370E+01,-4388,3599,720
7.30484540E+01,-4353,3635,808
7.30685710E+01,-4379,3649,908
7.30886880E+01,-4329,3668,1014
7.31088050E+01,-4327,3672,1094
7.31289220E+01,-4304,3685,1183
7.31490390E+01,-4311,3697,1303
7.31691560E+01,-4283,3691,1360
7.31892730E+01,-4272,3681,1403
7.32093900E+01,-4262,3709,1473
7.32295070E+01,-4269,3711,1524
7.32496240E+01,-4231,3712,1579
7.32697410E+01,-4226,3716,1651
7.32898580E+01,-4208,3712,1717
7.33099750E+01,-4201,3720,1765
7.33300920E+01,-4189,3721,1815
7.33502090E+01,-4176,3711,1871
7.33703260E+01,-4174,3704,1922
7.33904430E+01,-4145,3703,1979
7.34105600E+01,-4148,3682,2008
7.34306770E+01,-4146,3687,2042
7.34507950E+01,-4126,3681,2109
7.34709120E+01,-4107,3679,2194
7.34910290E+01,-4106,3676,2257
7.35111460E+01,-4089,3658,2341
7.35312630E+01,-4074,3643,2410
7.35513800E+01,-4042,3620,2475
7.35714970E+01,-4027,3628,2541
7.35916140E+01,-4000,3626,2607
7.36117310E+01,-3984,3636,2607
7.36318480E+01,-3984,3636,2669
7.36519650E+01,-3962,3624,2753
7.36720820E+01,-3941,3615,2811
7.36921990E+01,-3904,3595,2905
7.37123158E+01,-3907,3578,2976
7.37324328E+01,-3857,3565,3051
7.37525498E+01,-3830,3535,3126
7.37726668E+01,-3796,3532,3186
7.37927838E+01,-3770,3516,3265
7.38129008E+01,-3742,3521,3330
7.38330178E+01,-3725,3470,3414
7.38531348E+01,-3681,3448,3495
7.38732518E+01,-3644,3449,3579
7.38933688E+01,-3617,3396,3657
7.39134858E+01,-3580,3366,3746
7.39336038E+01,-3533,3348,3816
7.39537208E+01,-3495,3307,3892
7.39738378E+01,-3469,3311,3961
7.39939548E+01,-3395,3283,4035
7.40140718E+01,-3372,3268,4103
7.40341888E+01,-3314,3234,4203
7.40543058E+01,-3263,3248,4258
7.40744228E+01,-3216,3231,4332
7.40945398E+01,-3159,3245,4377
7.41146568E+01,-3117,3209,4473
7.41347738E+01,-3070,3187,4512
7.41548908E+01,-3021,3196,4597
7.41750078E+01,-2954,3172,4657
7.41951248E+01,-2883,3170,4753
7.42152418E+01,-2827,3171,4797
7.42353588E+01,-2754,3161,4881
7.42554758E+01,-2687,3111,4975
7.42755928E+01,-2628,3095,5034
7.42957098E+01,-2552,3081,5097
7.43158268E+01,-2486,3084,4897
7.43359438E+01,-2419,3084,5153
7.43560608E+01,-2419,3064,5229
7.43761778E+01,-2354,3056,5302
7.43962948E+01,-2301,3017,5351
7.44164118E+01,-2232,2983,5434
7.44365298E+01,-2188,2957,5484
7.44566468E+01,-2136,2912,5537
7.44767638E+01,-2081,2852,5593
7.44968808E+01,-2030,2783,5665
7.45169978E+01,-1999,2708,5725
7.45371148E+01,-1951,2673,5742
7.45572318E+01,-1915,2604,5795
7.45773488E+01,-1863,2548,5833
7.45974658E+01,-1856,2521,5870
7.46175828E+01,-1807,2492,5910
7.46376998E+01,-1783,2472,5926
7.46578168E+01,-1746,2462,5942
7.46779338E+01,-1728,2456,5956
7.46980508E+01,-1697,2476,5977
7.47181676E+01,-1675,2479,5985
7.47382846E+01,-1663,2436,5997
7.47584016E+01,-1632,2437,6018
7.47785186E+01,-1615,2424,6028
7.47986356E+01,-1590,2390,6049
7.48187526E+01,-1561,2414,6076
7.48388696E+01,-1519,2352,6098
7.48589866E+01,-1496,2322,6127
7.48791036E+01,-1431,2310,6150
7.48992206E+01,-1398,2273,6168
7.49193376E+01,-1330,2295,6200
7.49394546E+01,-1286,2315,6218
7.49595716E+01,-1206,2344,6219
7.49796886E+01,-1139,2370,6236
7.49998056E+01,-1037,2403,6250
7.50199226E+01,-969,2450,6255
7.50400406E+01,-882,2511,6252
7.50601576E+01,-799,2511,6252
7.50802746E+01,-799,2589,6276
7.51003916E+01,-724,2676,6254
7.51205086E+01,-655,2756,6225
7.51406256E+01,-605,2835,6203
7.51607426E+01,-577,2847,6205
7.51808596E+01,-545,2821,6211
7.52009766E+01,-470,2752,6246
7.52210936E+01,-408,2680,6296
7.52412106E+01,-345,2671,6301
7.52613276E+01,-305,2689,6325
7.52814446E+01,-258,2695,6311
7.53015616E+01,-222,2699,6318
7.53216786E+01,-178,2715,6321
7.53417956E+01,-126,2717,6291
7.53619126E+01,-77,2740,6326
7.53820296E+01,-11,2760,6304
7.54021466E+01,7,2776,6305
7.54222636E+01,67,2786,6298
7.54423806E+01,161,2838,6327
7.54624976E+01,185,2816,6302
7.54826146E+01,247,2858,6299
7.55027316E+01,282,2878,6303
7.55228486E+01,355,2884,6311
7.55429656E+01,385,2874,6314
7.55630826E+01,439,2881,6319
7.55831996E+01,476,2889,6305
7.56033166E+01,512,2880,6315
7.56234336E+01,535,2868,6334
7.56435506E+01,587,2866,6343
7.56636676E+01,608,2865,6353
7.56837846E+01,645,2873,6346
7.57039016E+01,652,2854,6369
7.57240194E+01,718,2845,6354
7.57441364E+01,746,2840,6387
7.57642534E+01,798,2852,6387
7.57843714E+01,839,2852,6379
7.58044884E+01,839,2842,6411
7.58246054E+01,891,2823,6403
7.58447224E+01,937,2830,6408
7.58648394E+01,1002,2806,6398
7.58849564E+01,1062,2814,6422
7.59050734E+01,1115,2802,6419
7.59251904E+01,1166,2778,6414
7.59453074E+01,1231,2749,6426
7.59654244E+01,1294,2739,6437
7.59855414E+01,1349,2734,6427
7.60056584E+01,1401,2729,6442
7.60257754E+01,1453,2728,6425
7.60458924E+01,1541,2701,6451
7.60660094E+01,1587,2691,6442
7.60861264E+01,1664,2665,6442
7.61062434E+01,1691,2671,6419
7.61263604E+01,1768,2677,6432
7.61464774E+01,1839,2684,6410
7.61665944E+01,1922,2690,6375
7.61867114E+01,1982,2724,6352
7.62068284E+01,2067,2743,6330
7.62269454E+01,2142,2779,6305
7.62470624E+01,2225,2792,6290
7.62671794E+01,2310,2860,6252
7.62872964E+01,2386,2872,6221
7.63074134E+01,2442,2892,6186
7.63275304E+01,2546,2903,6160
7.63476474E+01,2608,2932,6133
7.63677644E+01,2672,2959,6115
7.63878814E+01,2733,2949,6095
7.64079984E+01,2801,2982,6065
7.64281154E+01,2856,2954,6060
7.64482324E+01,2915,2941,6038
7.64683494E+01,2956,2918,6027
7.64884664E+01,3031,2920,6027
7.65085834E+01,3031,2920,5997
7.65287004E+01,3064,2935,5999
7.65488174E+01,3123,2930,5959
7.65689344E+01,3188,2955,5928
7.65890514E+01,3263,2929,5896
7.66091684E+01,3329,2927,5884
7.66292854E+01,3395,2928,5852
7.66494024E+01,3448,2917,5838
7.66695194E+01,3484,2905,5812
7.66896364E+01,3556,2921,5804
7.67097533E+01,3569,2909,5782
7.67298703E+01,3628,2899,5783
7.67499883E+01,3672,2886,5750
7.67701053E+01,3728,2874,5737
7.67902213E+01,3765,2869,5705
7.68103393E+01,3826,2875,5681
7.68304563E+01,3842,2886,5649
7.68505733E+01,3900,2888,5627
7.68706903E+01,3935,2894,5591
7.68908073E+01,3992,2889,5558
7.69109243E+01,4046,2910,5544
7.69310413E+01,4087,2900,5513
7.69511583E+01,4148,2930,5462
7.69712753E+01,4202,2934,5427
7.69913923E+01,4269,2929,5395
7.70115093E+01,4318,2938,5350
7.70316263E+01,4347,2960,5301
7.70517433E+01,4404,2947,5278
7.70718603E+01,4437,2969,5266
7.70919773E+01,4465,2981,5225
7.71120943E+01,4491,3001,5209
7.71322113E+01,4533,3000,5172
7.71523283E+01,4568,3018,5154
7.71724453E+01,4575,3027,5107
7.71925623E+01,4595,3042,5097
7.72126793E+01,4630,2830,5097
7.72327963E+01,4630,3086,5073
7.72529133E+01,4628,3078,5074
7.72730303E+01,4669,3076,5043
7.72931473E+01,4698,3096,5026
7.73132643E+01,4693,3106,4985
7.73333813E+01,4727,3115,4990
7.73534983E+01,4733,3138,4953
7.73736153E+01,4760,3163,4927
7.73937323E+01,4784,3202,4891
7.74138493E+01,4799,3223,4873
7.74339663E+01,4816,3256,4829
7.74540833E+01,4827,3283,4799
7.74742003E+01,4857,3326,4756
7.74943173E+01,4863,3370,4770
7.75144343E+01,4876,3397,4723
7.75345513E+01,4879,3442,4703
7.75546683E+01,4891,3457,4662
7.75747853E+01,4887,3507,4668
7.75949023E+01,4891,3550,4613
7.76150193E+01,4897,3587,4617
7.76351363E+01,4875,3611,4597
7.76552533E+01,4865,3624,4629
7.76753703E+01,4830,3640,4619
7.76954873E+01,4826,3684,4625
7.77156038E+01,4797,3699,4644
7.77357208E+01,4772,3731,4663
7.77558378E+01,4739,3776,4673
7.77759548E+01,4699,3836,4656
7.77960718E+01,4674,3849,4671
7.78161888E+01,4653,3925,4637
7.78363058E+01,4619,3935,4635
7.78564228E+01,4587,3987,4616
7.78765398E+01,4578,4006,4635
7.78966568E+01,4543,4054,4598
7.79167738E+01,4524,4080,4359
7.79368908E+01,4477,4080,4615
7.79570078E+01,4477,4117,4595
7.79771248E+01,4451,4160,4601
7.79972418E+01,4424,4208,4572
7.80173588E+01,4365,4242,4577
7.80374758E+01,4337,4295,4537
7.80575928E+01,4297,4345,4570
7.80777098E+01,4249,4403,4523
7.80978268E+01,4218,4426,4525
7.81179438E+01,4158,4453,4512
7.81380608E+01,4119,4480,4522
7.81581778E+01,4077,4518,4504
7.81782948E+01,4032,4541,4545
7.81984118E+01,3987,4553,4549
7.82185288E+01,3924,4593,4548
7.82386458E+01,3853,4625,4553
7.82587628E+01,3799,4658,4560
7.82788798E+01,3742,4698,4560
7.82989968E+01,3701,4721,4559
7.83191138E+01,3631,4752,4560
7.83392308E+01,3560,4782,4575
7.83593478E+01,3506,4796,4581
7.83794648E+01,3425,4829,4602
7.83995818E+01,3358,4854,4610
7.84196988E+01,3272,4882,4627
7.84398158E+01,3215,4883,4653
7.84599328E+01,3124,4896,4685
7.84800498E+01,3063,4887,4708
7.85001668E+01,2973,4901,4753
7.85202838E+01,2908,4878,4792
7.85404008E+01,2837,4866,4828
7.85605178E+01,2783,4862,4870
7.85806348E+01,2723,4857,4901
7.86007518E+01,2632,4852,4951
7.86208688E+01,2576,4876,4941
7.86409858E+01,2501,4865,4941
7.86611028E+01,2450,4865,4984
7.86812198E+01,2450,4887,4986
7.87013368E+01,2423,4898,4981
7.87214541E+01,2360,4922,4966
7.87415711E+01,2335,4923,4976
7.87616881E+01,2306,4910,4974
7.87818051E+01,2257,4940,4971
7.88019221E+01,2224,4928,4997
7.88220391E+01,2201,4904,5021
7.88421561E+01,2180,4862,5057
7.88622731E+01,2125,4845,5104
7.88823901E+01,2060,4824,5138
7.89025071E+01,2004,4844,5153
7.89226241E+01,1935,4822,5153
7.89427411E+01,1898,4811,5149
7.89628581E+01,1894,4827,5147
7.89829751E+01,1912,4833,5146
7.90030921E+01,1914,4821,5143
7.90232091E+01,1909,4834,5127
7.90433261E+01,1902,4824,5121
7.90634431E+01,1919,4828,5118
7.90835601E+01,1921,4819,5093
7.91036771E+01,1928,4861,5089
7.91237941E+01,1956,4859,5075
7.91439111E+01,1962,4885,5071
7.91640281E+01,2011,4859,5050
7.91841451E+01,2002,4870,5052
7.92042621E+01,2055,4839,5057
7.92243791E+01,2046,4847,5043
7.92444961E+01,2055,4834,5050
7.92646131E+01,2068,4854,5038
7.92847301E+01,2060,4855,5045
7.93048471E+01,2037,4876,5013
7.93249641E+01,2042,4883,5015
7.93450811E+01,2039,4880,5006
7.93651981E+01,2038,4896,5006
7.93853151E+01,2038,4896,5008
7.94054321E+01,2025,4868,5003
7.94255491E+01,2026,4850,5030
7.94456661E+01,2011,4859,5034
7.94657831E+01,1989,4827,5035
7.94859001E+01,1981,4837,5038
7.95060171E+01,1982,4844,5065
7.95261341E+01,1976,4834,5031
7.95462511E+01,1993,4810,5085
7.95663681E+01,2022,4818,5055
7.95864851E+01,2024,4846,5058
7.96066011E+01,2029,4862,5033
7.96267181E+01,2011,4899,4986
7.96468351E+01,2005,4921,4956
7.96669521E+01,2024,4973,4929
7.96870691E+01,2011,4987,4893
7.97071861E+01,2040,5034,4866
7.97273034E+01,2045,5044,4828
7.97474204E+01,2083,5094,4803
7.97675374E+01,2115,5118,4750
7.97876544E+01,2171,5146,4746
7.98077714E+01,2202,5155,4698
7.98278884E+01,2258,5202,4661
7.98480054E+01,2274,5233,4620
7.98681224E+01,2309,5249,4583
7.98882394E+01,2352,5273,4559
7.99083564E+01,2384,5293,4496
7.99284734E+01,2425,5311,4487
7.99485904E+01,2435,5367,4454
7.99687074E+01,2471,5368,4410
7.99888244E+01,2488,5367,4404
8.00089414E+01,2507,5389,4381
8.00290584E+01,2521,5410,4365
8.00491754E+01,2566,5397,4341
8.00692924E+01,2589,5438,4326
8.00894094E+01,2634,5438,4326
8.01095264E+01,2634,5427,4308
8.01296434E+01,2684,5405,4330
8.01497604E+01,2751,5404,4326
8.01698774E+01,2815,5388,4289
8.01899944E+01,2888,5376,4273
8.02101114E+01,2954,5385,4261
8.02302284E+01,3042,5378,4241
8.02503454E+01,3113,5365,4207
8.02704624E+01,3203,5375,4165
8.02905794E+01,3282,5379,4139
8.03106964E+01,3396,5359,4090
8.03308134E+01,3505,5349,4076
8.03509304E+01,3631,5287,4049
8.03710474E+01,3728,5258,3996
8.03911644E+01,3853,5230,3971
8.04112814E+01,3929,5209,3974
8.04313984E+01,4029,5164,3947
8.04515154E+01,4059,5131,3910
8.04716324E+01,4140,5154,3890
8.04917494E+01,4144,5153,3854
8.05118654E+01,4184,5168,3821
8.05319824E+01,4183,5174,3750
8.05520994E+01,4211,5207,3699
8.05722164E+01,4231,5243,3615
8.05923334E+01,4275,5271,3558
8.06124504E+01,4296,5292,3492
8.06325674E+01,4373,5289,3391
8.06526844E+01,4411,5320,3301
8.06728014E+01,4449,5340,3184
8.06929184E+01,4494,5355,3086
8.07130354E+01,4530,5380,2971
8.07331524E+01,4559,5387,2883
8.07532694E+01,4590,5413,2778
8.07733864E+01,4660,5412,2704
8.07935034E+01,4696,5424,2704
8.08136204E+01,4758,5424,2599
8.08337374E+01,4758,5400,2533
8.08538544E+01,4816,5391,2483
8.08739714E+01,4874,5370,2458
8.08940884E+01,4930,5336,2421
8.09142054E+01,5015,5285,2406
8.09343224E+01,5096,5245,2395
8.09544394E+01,5164,5205,2376
8.09745564E+01,5237,5158,2366
8.09946734E+01,5317,5117,2350
8.10147904E+01,5367,5124,2329
8.10349074E+01,5426,5081,2310
8.10550244E+01,5453,5031,2275
8.10751414E+01,5495,4999,2230
8.10952584E+01,5517,5010,2196
8.11153754E+01,5546,5021,2184
8.11354924E+01,5569,4992,2152
8.11556084E+01,5611,4962,2136
8.11757254E+01,5623,4974,2100
8.11958424E+01,5653,4970,2076
8.12159594E+01,5684,4944,2030
8.12360764E+01,5707,4947,1997
8.12561934E+01,5708,4937,1955
8.12763104E+01,5741,4958,1928
8.12964274E+01,5745,4944,1902
8.13165444E+01,5742,4965,1845
8.13366614E+01,5780,4944,1820
8.13567784E+01,5791,4952,1780
8.13768954E+01,5809,4946,1747
8.13970124E+01,5831,4942,1723
8.14171294E+01,5858,4910,1678
8.14372464E+01,5873,4900,1673
8.14573634E+01,5894,4916,1631
8.14774804E+01,5884,4893,1608
8.14975974E+01,5905,4893,1587
8.15177144E+01,5907,4882,1587
8.15378314E+01,5907,4882,1554
8.15579484E+01,5913,4894,1533
8.15780654E+01,5906,4880,1466
8.15981824E+01,5889,4908,1413
8.16182994E+01,5872,4917,1349
8.16384154E+01,5867,4941,1293
8.16585324E+01,5819,4977,1225
8.16786494E+01,5793,4998,1161
8.16987664E+01,5759,5041,1097
8.17188828E+01,5739,5086,1058
8.17389998E+01,5705,5105,1001
8.17591168E+01,5696,5122,946
8.17792338E+01,5670,5133,894
8.17993508E+01,5656,5163,832
8.18194678E+01,5657,5167,776
8.18395848E+01,5656,5173,735
8.18597018E+01,5642,5153,693
8.18798188E+01,5644,5159,655
8.18999358E+01,5664,5137,639
8.19200528E+01,5656,5128,628
8.19401698E+01,5680,5127,612
8.19602868E+01,5660,5121,580
8.19804038E+01,5681,5113,561
8.20005208E+01,5671,5121,536
8.20206378E+01,5688,5117,510
8.20407548E+01,5676,5123,463
8.20608718E+01,5689,5111,450
8.20809888E+01,5687,5096,411
8.21011048E+01,5684,5102,379
8.21212218E+01,5667,5120,317
8.21413388E+01,5663,5137,271
8.21614558E+01,5628,5131,208
8.21815728E+01,5622,5131,163
8.22016898E+01,5594,5158,91
8.22218068E+01,5568,5150,52
8.22419238E+01,5566,5150,52
8.22620408E+01,5566,5166,22
8.22821578E+01,5571,5159,-33
8.23022748E+01,5529,5177,-77
8.23223918E+01,5524,5167,-130
8.23425088E+01,5504,5183,-163
8.23626258E+01,5502,5185,-197
8.23827428E+01,5489,5145,-239
8.24028598E+01,5498,5147,-275
8.24229768E+01,5501,5147,-310
8.24430938E+01,5509,5133,-359
8.24632098E+01,5512,5094,-387
8.24833268E+01,5532,5082,-418
8.25034438E+01,5537,5054,-441
8.25235608E+01,5546,5044,-474
8.25436778E+01,5560,4984,-475
8.25637948E+01,5575,4968,-508
8.25839118E+01,5586,4947,-533
8.26040288E+01,5595,4958,-536
8.26241458E+01,5586,4937,-582
8.26442628E+01,5576,4934,-591
8.26643798E+01,5556,4952,-617
8.26844968E+01,5547,4922,-659
8.27046138E+01,5521,4922,-689
8.27247315E+01,5505,4928,-729
8.27448485E+01,5478,4907,-758
8.27649655E+01,5447,4918,-815
8.27850825E+01,5432,4906,-865
8.28051995E+01,5402,4919,-939
8.28253155E+01,5375,4887,-976
8.28454325E+01,5343,4892,-1047
8.28655495E+01,5314,4880,-1128
8.28856665E+01,5285,4881,-1196
8.29057835E+01,5269,4845,-1263
8.29259005E+01,5225,4820,-1327
8.29460175E+01,5214,4788,-1327
8.29661345E+01,5180,4788,-1409
8.29862515E+01,5180,4768,-1471
8.30063685E+01,5131,4741,-1561
8.30264855E+01,5107,4743,-1631
8.30466025E+01,5032,4709,-1716
8.30667195E+01,4988,4717,-1775
8.30868365E+01,4933,4722,-1871
8.31069535E+01,4866,4702,-1926
8.31270705E+01,4801,4704,-2011
8.31471865E+01,4716,4695,-2091
8.31673035E+01,4648,4671,-2169
8.31874205E+01,4569,4687,-2219
8.32075375E+01,4505,4693,-2314
8.32276545E+01,4441,4660,-2334
8.32477715E+01,4412,4651,-2403
8.32678885E+01,4359,4643,-2447
8.32880055E+01,4339,4626,-2507
8.33081225E+01,4271,4600,-2566
8.33282395E+01,4209,4576,-2613
8.33483565E+01,4123,4559,-2688
8.33684735E+01,4074,4539,-2751
8.33885905E+01,4016,4514,-2826
8.34087075E+01,3954,4450,-2880
8.34288245E+01,3924,4422,-2923
8.34489405E+01,3891,4394,-2978
8.34690575E+01,3867,4363,-3025
8.34891745E+01,3805,4340,-3071
8.35092915E+01,3738,4319,-3134
8.35294085E+01,3652,4315,-3183
8.35495255E+01,3552,4318,-3250
8.35696425E+01,3441,4335,-3294
8.35897595E+01,3345,4326,-3332
8.36098765E+01,3221,4319,-3373
8.36299935E+01,3135,4312,-3398
8.36501105E+01,3042,4323,-3447
8.36702275E+01,2944,4323,-3447
8.36903445E+01,2944,4326,-3469
8.37104615E+01,2869,4345,-3477
8.37305775E+01,2783,4362,-3509
8.37506945E+01,2701,4352,-3528
8.37708115E+01,2611,4355,-3557
8.37909285E+01,2537,4345,-3564
8.38110455E+01,2473,4344,-3596
8.38311625E+01,2363,4340,-3593
8.38512795E+01,2286,4336,-3606
8.38713965E+01,2212,4341,-3602
8.38915135E+01,2121,4325,-3631
8.39116305E+01,2043,4328,-3658
8.39317475E+01,1959,4325,-3671
8.39518645E+01,1845,4283,-3682
8.39719815E+01,1777,4289,-3702
8.39920975E+01,1685,4257,-3713
8.40122145E+01,1563,4237,-3738
8.40323315E+01,1460,4245,-3747
8.40524485E+01,1323,4243,-3750
8.40725655E+01,1215,4268,-3749
8.40926825E+01,1062,4272,-3733
8.41127995E+01,934,4267,-3695
8.41329165E+01,821,4283,-3693
8.41530335E+01,707,4279,-3696
8.41731505E+01,588,4285,-3658
8.41932675E+01,482,4280,-3650
8.42133845E+01,381,4275,-3614
8.42335015E+01,262,4284,-3584
8.42536175E+01,159,4312,-3564
8.42737345E+01,64,4313,-3514
8.42938515E+01,-28,4313,-3507
8.43139685E+01,-101,4319,-3488
8.43340855E+01,-166,4307,-3457
8.43542025E+01,-252,4319,-3441
8.43743195E+01,-327,4308,-3409
8.43944365E+01,-394,4308,-3409
8.44145535E+01,-394,4264,-3399
8.44346705E+01,-468,4292,-3353
8.44547875E+01,-554,4275,-3349
8.44749045E+01,-606,4268,-3336
8.44950205E+01,-693,4245,-3304
8.45151375E+01,-747,4277,-3270
8.45352545E+01,-831,4227,-3233
8.45553715E+01,-897,4282,-3179
8.45754885E+01,-968,4293,-3156
8.45956055E+01,-1022,4294,-3094
8.46157225E+01,-1105,4304,-3051
8.46358395E+01,-1145,4342,-2994
8.46559565E+01,-1201,4369,-2955
8.46760735E+01,-1246,4384,-2914
8.46961905E+01,-1295,4397,-2877
8.47163075E+01,-1320,4426,-2830
8.47364235E+01,-1389,4416,-2770
8.47565405E+01,-1443,4469,-2728
8.47766575E+01,-1504,4497,-2659
8.47967745E+01,-1558,4496,-2605
8.48168915E+01,-1619,4533,-2527
8.48370085E+01,-1648,4553,-2492
8.48571255E+01,-1694,4582,-2438
8.48772425E+01,-1723,4593,-2401
8.48973595E+01,-1751,4602,-2385
8.49174765E+01,-1763,4615,-2360
8.49375935E+01,-1797,4611,-2316
8.49577095E+01,-1820,4651,-2294
8.49778265E+01,-1879,4648,-2242
8.49979435E+01,-1929,4652,-2188
8.50180605E+01,-1972,4672,-2131
8.50381775E+01,-2017,4671,-2072
8.50582945E+01,-2066,4694,-1992
8.50784115E+01,-2124,4694,-1923
8.50985285E+01,-2175,4720,-1854
8.51186455E+01,-2195,4720,-1854
8.51387625E+01,-2195,4720,-1778
8.51588795E+01,-2254,4736,-1720
8.51789955E+01,-2285,4748,-1667
8.51991125E+01,-2323,4738,-1640
8.52192295E+01,-2352,4734,-1597
8.52393465E+01,-2396,4730,-1550
8.52594635E+01,-2454,4720,-1546
8.52795805E+01,-2483,4693,-1517
8.52996975E+01,-2516,4660,-1469
8.53198145E+01,-2574,4623,-1455
8.53399315E+01,-2616,4624,-1416
8.53600485E+01,-2646,4610,-1395
8.53801645E+01,-2705,4590,-1351
8.54002815E+01,-2722,4588,-1281
8.54203985E+01,-2771,4573,-1230
8.54405155E+01,-2783,4580,-1181
8.54606325E+01,-2842,4574,-1120
8.54807495E+01,-2835,4550,-1083
8.55008665E+01,-2883,4573,-1010
8.55209835E+01,-2886,4561,-971
8.55411005E+01,-2921,4574,-917
8.55612175E+01,-2927,4578,-834
8.55813335E+01,-2946,4577,-769
8.56014505E+01,-2960,4605,-708
8.56215675E+01,-2986,4612,-639
8.56416845E+01,-2972,4608,-546
8.56618015E+01,-3000,4627,-450
8.56819185E+01,-2995,4633,-394
8.57020355E+01,-3014,4640,-305
8.57221518E+01,-3026,4639,-244
8.57422688E+01,-3030,4626,-171
8.57623858E+01,-3042,4651,-94
8.57825018E+01,-3060,4644,-60
8.58026188E+01,-3081,4637,31
8.58227358E+01,-3072,4652,31
8.58428528E+01,-2826,4652,137
8.58629698E+01,-3082,4649,219
8.58830868E+01,-3090,4666,337
8.59032038E+01,-3082,4663,421
8.59233208E+01,-3088,4677,479
8.59434378E+01,-3065,4706,528
8.59635548E+01,-3040,4741,606
8.59836708E+01,-3000,4770,673
8.60037878E+01,-2961,4825,780
8.60239048E+01,-2941,4851,915
8.60440218E+01,-2903,4871,1035
8.60641388E+01,-2868,4912,1170
8.60842558E+01,-2819,4955,1295
8.61043728E+01,-2769,4972,1428
8.61244898E+01,-2725,4996,1556
8.61446068E+01,-2677,5031,1683
8.61647228E+01,-2614,5051,1831
8.61848398E+01,-2557,5046,1979
8.62049568E+01,-2501,5059,2101
8.62250738E+01,-2442,5074,2253
8.62451908E+01,-2407,5042,2381
8.62653078E+01,-2361,5066,2512
8.62854248E+01,-2314,5036,2607
8.63055418E+01,-2272,5049,2745
8.63256588E+01,-2226,5009,2846
8.63457748E+01,-2171,4986,2990
8.63658918E+01,-2130,4939,3092
8.63860088E+01,-2073,4951,3227
8.64061258E+01,-2040,4935,3320
8.64262428E+01,-1994,4875,3428
8.64463598E+01,-1958,4868,3537
8.64664768E+01,-1885,4831,3632
8.64865938E+01,-1846,4814,3716
8.65067108E+01,-1810,4810,3799
8.65268268E+01,-1789,4782,3876
8.65469438E+01,-1738,4775,3876
8.65670608E+01,-1715,4775,3935
8.65871778E+01,-1715,4742,3994
8.66072948E+01,-1676,4730,4046
8.66274118E+01,-1677,4691,4083
8.66475288E+01,-1645,4664,4109
8.66676458E+01,-1654,4670,4157
8.66877618E+01,-1629,4649,4183
8.67078788E+01,-1626,4655,4205
8.67279959E+01,-1615,4640,4205
8.67481129E+01,-1570,4673,4230
8.67682299E+01,-1534,4677,4241
8.67883469E+01,-1497,4683,4256
8.68084639E+01,-1451,4700,4263
8.68285809E+01,-1432,4705,4304
8.68486969E+01,-1419,4681,4317
8.68688139E+01,-1414,4703,4316
8.68889309E+01,-1406,4712,4317
8.69090479E+01,-1394,4709,4308
8.69291649E+01,-1392,4712,4283
8.69492819E+01,-1355,4738,4298
8.69693989E+01,-1359,4760,4260
8.69895159E+01,-1345,4777,4242
8.70096329E+01,-1337,4787,4205
8.70297489E+01,-1340,4805,4199
8.70498659E+01,-1367,4823,4153
8.70699829E+01,-1383,4843,4130
8.70900999E+01,-1401,4868,4077
8.71102169E+01,-1428,4878,4028
8.71303339E+01,-1434,4888,3995
8.71504509E+01,-1440,4904,3968
8.71705679E+01,-1455,4909,3967
8.71906839E+01,-1447,4929,3928
8.72108009E+01,-1463,4953,3890
8.72309179E+01,-1458,4961,3864
8.72510349E+01,-1520,4966,3838
8.72711519E+01,-1559,4980,3838
8.72912689E+01,-1559,4980,3791
8.73113859E+01,-1613,4988,3714
8.73315019E+01,-1683,4986,3648
8.73516189E+01,-1724,4979,3593
8.73717359E+01,-1779,4996,3538
8.73918529E+01,-1826,4972,3523
8.74119699E+01,-1853,4979,3483
8.74320869E+01,-1861,4955,3471
8.74522039E+01,-1902,4964,3431
8.74723209E+01,-1964,4957,3426
8.74924369E+01,-2022,4936,3346
8.75125539E+01,-2058,4929,3298
8.75326709E+01,-2118,4933,3226
8.75527879E+01,-2188,4919,3180
8.75729049E+01,-2251,4903,3080
8.75930219E+01,-2301,4914,3026
8.76131389E+01,-2341,4906,2936
8.76332559E+01,-2403,4912,2849
8.76533719E+01,-2455,4907,2750
8.76734889E+01,-2481,4899,2683
8.76936059E+01,-2523,4896,2600
8.77137229E+01,-2569,4915,2511
8.77338407E+01,-2586,4884,2424
8.77539577E+01,-2607,4910,2373
8.77740747E+01,-2628,4914,2292
8.77941907E+01,-2618,4940,2245
8.78143077E+01,-2623,4951,2159
8.78344247E+01,-2629,4961,2088
8.78545417E+01,-2634,4991,1965
8.78746587E+01,-2635,5005,1869
8.78947757E+01,-2641,5001,1754
8.79148927E+01,-2658,5015,1677
8.79350087E+01,-2666,4985,1566
8.79551257E+01,-2704,4989,1464
8.79752427E+01,-2725,4988,1349
8.79953597E+01,-2716,4997,1349
8.80154767E+01,-2716,4997,1238
8.80355937E+01,-2769,4971,1116
8.80557107E+01,-2785,4956,1004
8.80758267E+01,-2798,4950,863
8.80959437E+01,-2801,4922,798
8.81160607E+01,-2829,4916,721
8.81361777E+01,-2848,4918,697
8.81562947E+01,-2861,4889,683
8.81764117E+01,-2850,4897,669
8.81965287E+01,-2887,4885,658
8.82166457E+01,-2891,4872,616
8.82367617E+01,-2906,4890,561
8.82568787E+01,-2873,4881,444
8.82769957E+01,-2848,4879,316
8.82971127E+01,-2862,4846,184
8.83172297E+01,-2840,4870,51
8.83373467E+01,-2814,4857,-48
8.83574627E+01,-2795,4860,-158
8.83775797E+01,-2775,4880,-225
8.83976967E+01,-2765,4889,-274
8.84178137E+01,-2744,4877,-325
8.84379307E+01,-2749,4902,-371
8.84580477E+01,-2671,4887,-467
8.84781647E+01,-2647,4895,-587
8.84982807E+01,-2605,4878,-712
8.85183977E+01,-2583,4868,-809
8.85385147E+01,-2532,4838,-898
8.85586317E+01,-2511,4846,-979
8.85787487E+01,-2474,4840,-1034
8.85988657E+01,-2448,4844,-1092
8.86189827E+01,-2389,4842,-1183
8.86390987E+01,-2351,4858,-1253
8.86592157E+01,-2300,4861,-1327
8.86793327E+01,-2244,4838,-1410
8.86994497E+01,-2202,4819,-1513
8.87195667E+01,-2141,4804,-1513
8.87396835E+01,-2141,4804,-1618
8.87597995E+01,-2082,4768,-1732
8.87799165E+01,-2006,4749,-1850
8.88000335E+01,-1939,4737,-1975
8.88201505E+01,-1863,4710,-2084
8.88402675E+01,-1813,4641,-2190
8.88603845E+01,-1746,4627,-2270
8.88805015E+01,-1701,4576,-2374
8.89006175E+01,-1629,4539,-2447
8.89207345E+01,-1571,4515,-2540
8.89408515E+01,-1521,4483,-2611
8.89609685E+01,-1504,4471,-2656
8.89810855E+01,-1463,4466,-2687
8.90012025E+01,-1425,4493,-2716
8.90213185E+01,-1390,4476,-2710
8.90414355E+01,-1367,4495,-2742
8.90615525E+01,-1314,4533,-2712
8.90816695E+01,-1273,4583,-2723
8.91017865E+01,-1198,4637,-2723
8.91219035E+01,-1131,4721,-2731
8.91420195E+01,-1066,4734,-2711
8.91621365E+01,-1013,4786,-2713
8.91822535E+01,-963,4815,-2708
8.92023705E+01,-902,4851,-2699
8.92224875E+01,-868,4888,-2673
8.92426045E+01,-794,4947,-2672
8.92627205E+01,-697,4971,-2661
8.92828375E+01,-624,5016,-2668
8.93029545E+01,-543,5077,-2668
8.93230715E+01,-488,5114,-2652
8.93431885E+01,-437,5146,-2622
8.93633055E+01,-387,5177,-2632
8.93834225E+01,-311,5197,-2653
8.94035385E+01,-240,5198,-2690
8.94236555E+01,-152,5187,-2712
8.94437725E+01,-59,5182,-2712
8.94638895E+01,-59,5182,-2758
8.94840065E+01,38,5166,-2809
8.95041235E+01,147,5180,-2845
8.95242395E+01,238,5174,-2890
8.95443565E+01,355,5172,-2918
8.95644735E+01,466,5146,-2970
8.95845905E+01,577,5162,-2981
8.96047075E+01,680,5145,-3028
8.96248245E+01,809,5140,-3031
8.96449405E+01,913,5140,-3080
8.96650575E+01,1030,5152,-3088
8.96851745E+01,1110,5143,-3108
8.97052915E+01,1181,5158,-3093
8.97254081E+01,1243,5176,-3105
8.97455251E+01,1325,5189,-3084
8.97656411E+01,1422,5196,-3095
8.97857581E+01,1562,5194,-3107
8.98058751E+01,1661,5211,-3112
8.98259921E+01,1784,5208,-3120
8.98461091E+01,1900,5220,-3135
8.98662251E+01,2007,5202,-3147
8.98863421E+01,2095,5199,-3162
8.99064591E+01,2168,5198,-3153
8.99265761E+01,2270,5199,-3173
8.99466931E+01,2385,5181,-3180
8.99668101E+01,2454,5163,-3192
8.99869261E+01,2589,5117,-3199
9.00070431E+01,2675,5119,-3211
9.00271601E+01,2781,5095,-3232
9.00472771E+01,2890,5070,-3227
9.00673941E+01,3009,5030,-3230
9.00875111E+01,3081,5009,-3227
9.01076271E+01,3185,5007,-3229
9.01277441E+01,3249,4995,-3213
9.01478611E+01,3328,4990,-3180
9.01679781E+01,3397,4997,-3180
9.01880951E+01,3397,4997,-3144
9.02082111E+01,3434,4997,-3139
9.02283281E+01,3538,4988,-3094
9.02484451E+01,3584,4995,-3070
9.02685621E+01,3647,4999,-3040
9.02886791E+01,3706,5003,-3015
9.03087961E+01,3743,4991,-2976
9.03289121E+01,3775,5030,-2950
9.03490291E+01,3838,5005,-2915
9.03691461E+01,3860,5005,-2874
9.03892631E+01,3958,4997,-2852
9.04093801E+01,3983,4951,-2846
9.04294971E+01,4056,4902,-2831
9.04496131E+01,4068,4934,-2838
9.04697301E+01,4094,4926,-2825
9.04898471E+01,4103,4924,-2821
9.05099641E+01,4117,4939,-2767
9.05300811E+01,4161,4952,-2724
9.05501971E+01,4224,4955,-2671
9.05703141E+01,4295,4953,-2645
9.05904311E+01,4416,4918,-2594
9.06105481E+01,4536,4890,-2543
9.06306651E+01,4630,4842,-2499
9.06507811E+01,4718,4810,-2459
9.06708981E+01,4799,4787,-2421
9.06910151E+01,4859,4754,-2394
9.07111321E+01,4935,4705,-2358
9.07312485E+01,5014,4689,-2314
9.07513645E+01,5098,4598,-2277
9.07714815E+01,5134,4597,-2247
9.07915985E+01,5216,4553,-2234
9.08117155E+01,5257,4531,-2205
9.08318325E+01,5330,4498,-2172
9.08519495E+01,5382,4460,-2135
9.08720655E+01,5425,4450,-2104
9.08921825E+01,5470,4392,-2104
9.09122995E+01,5470,4392,-2076
9.09324165E+01,5536,4350,-2050
9.09525335E+01,5598,4295,-2012
9.09726495E+01,5624,4256,-1991
9.09927665E+01,5658,4229,-1987
9.10128835E+01,5681,4219,-1985
9.10330005E+01,5698,4174,-1989
9.10531175E+01,5750,4146,-1971
9.10732335E+01,5789,4104,-1932
9.10933505E+01,5856,4050,-1866
9.11134675E+01,5944,4002,-1818
9.11335845E+01,6041,3941,-1765
9.11537015E+01,6117,3893,-1685
9.11738175E+01,6182,3865,-1601
9.11939345E+01,6230,3836,-1557
9.12140515E+01,6258,3813,-1544
9.12341685E+01,6264,3818,-1487
9.12542855E+01,6294,3812,-1471
9.12744015E+01,6301,3807,-1451
9.12945185E+01,6304,3794,-1441
9.13146355E+01,6332,3784,-1401
9.13347525E+01,6343,3786,-1376
9.13548695E+01,6382,3774,-1304
9.13749855E+01,6406,3789,-1222
9.13951025E+01,6468,3776,-1116
9.14152195E+01,6500,3765,-1045
9.14353365E+01,6543,3774,-942
9.14554535E+01,6574,3782,-870
9.14755695E+01,6597,3811,-776
9.14956865E+01,6625,3823,-726
9.15158035E+01,6646,3799,-694
9.15359205E+01,6643,3803,-645
9.15560375E+01,6668,3816,-613
9.15761535E+01,6696,3808,-561
9.15962705E+01,6739,3803,-508
9.16163875E+01,6748,3803,-508
9.16365045E+01,6748,3803,-471
9.16566215E+01,6777,3807,-410
9.16767375E+01,6780,3794,-349
9.16968545E+01,6807,3801,-289
9.17169715E+01,6852,3776,-226
9.17370895E+01,6891,3777,-146
9.17572065E+01,6900,3743,-91
9.17773225E+01,6920,3757,-52
9.17974395E+01,6926,3744,-20
9.18175565E+01,6949,3744,19
9.18376735E+01,6953,3737,59
9.18577905E+01,6954,3728,87
9.18779065E+01,6981,3704,128
9.18980235E+01,6998,3708,167
9.19181405E+01,7010,3687,235
9.19382575E+01,7008,3705,284
9.19583745E+01,7010,3732,349
9.19784905E+01,7003,3777,390
9.19986075E+01,6991,3811,452
9.20187245E+01,6966,3858,524
9.20388415E+01,6956,3899,604
9.20589575E+01,6954,3923,683
9.20790745E+01,6942,3954,749
9.20991915E+01,6901,3988,815
9.21193085E+01,6885,4021,894
9.21394255E+01,6869,4080,939
9.21595415E+01,6821,4110,984
9.21796585E+01,6797,4150,1049
9.21997755E+01,6768,4182,1084
9.22198925E+01,6746,4218,1137
9.22400095E+01,6739,4236,1195
9.22601255E+01,6726,4242,1234
9.22802425E+01,6730,4242,1281
9.23003595E+01,6717,4247,1301
9.23204765E+01,6704,4265,1335
9.23405925E+01,6696,4260,1335
9.23607095E+01,6696,4260,1361
9.23808265E+01,6686,4290,1398
9.24009435E+01,6676,4280,1430
9.24210605E+01,6674,4285,1432
9.24411765E+01,6645,4270,1452
9.24612935E+01,6666,4285,1482
9.24814105E+01,6652,4281,1494
9.25015275E+01,6652,4290,1495
9.25216435E+01,6634,4307,1491
9.25417605E+01,6622,4300,1485
9.25618775E+01,6614,4345,1484
9.25819945E+01,6595,4344,1469
9.26021115E+01,6570,4344,1459
9.26222275E+01,6563,4387,1456
9.26423445E+01,6573,4378,1465
9.26624615E+01,6551,4377,1467
9.26825785E+01,6551,4382,1497
9.27026945E+01,6556,4364,1513
9.27228115E+01,6552,4360,1525
9.27429282E+01,6556,4345,1569
9.27630452E+01,6569,4333,1594
9.27831612E+01,6592,4347,1630
9.28032782E+01,6591,4309,1687
9.28233952E+01,6599,4276,1723
9.28435122E+01,6626,4284,1785
9.28636292E+01,6629,4274,1807
9.28837452E+01,6658,4272,1856
9.29038622E+01,6652,4254,1883
9.29239792E+01,6659,4239,1915
9.29440962E+01,6662,4242,1950
9.29642122E+01,6674,4233,1966
9.29843292E+01,6687,4228,2005
9.30044462E+01,6685,4208,2029
9.30245632E+01,6692,4203,2039
9.30446802E+01,6696,4208,2060
9.30647962E+01,6686,4220,2060
9.30849132E+01,6686,4220,2074
9.31050302E+01,6687,4203,2094
9.31251472E+01,6683,4207,2131
9.31452632E+01,6690,4200,2167
9.31653802E+01,6688,4176,2216
9.31854972E+01,6684,4175,2268
9.32056142E+01,6682,4167,2334
9.32257302E+01,6702,4134,2398
9.32458472E+01,6694,4134,2441
9.32659642E+01,6719,4104,2509
9.32860812E+01,6691,4076,2564
9.33061982E+01,6679,4074,2613
9.33263142E+01,6679,4095,2650
9.33464312E+01,6671,4093,2686
9.33665482E+01,6660,4104,2719
9.33866652E+01,6648,4127,2721
9.34067812E+01,6633,4163,2748
9.34268982E+01,6619,4143,2746
9.34470152E+01,6582,4180,2774
9.34671322E+01,6570,4214,2766
9.34872482E+01,6535,4217,2796
9.35073652E+01,6519,4244,2828
9.35274822E+01,6486,4271,2859
9.35475992E+01,6470,4283,2887
9.35677152E+01,6451,4300,2933
9.35878322E+01,6429,4285,2953
9.36079492E+01,6420,4292,3034
9.36280662E+01,6372,4300,3066
9.36481822E+01,6362,4299,3133
9.36682992E+01,6333,4314,3193
9.36884162E+01,6307,4314,3250
9.37085332E+01,6278,4317,3286
9.37286498E+01,6249,4335,3325
9.37487668E+01,6212,4359,3353
9.37688838E+01,6188,4378,3400
9.37890008E+01,6120,4378,3400
9.38091168E+01,6120,4415,3428
9.38292338E+01,6092,4422,3471
9.38493508E+01,6047,4476,3499
9.38694678E+01,6003,4498,3548
9.38895838E+01,5946,4514,3593
9.39097008E+01,5912,4526,3623
9.39298178E+01,5860,4574,3669
9.39499348E+01,5819,4599,3700
9.39700508E+01,5765,4616,3739
9.39901678E+01,5727,4630,3771
9.40102848E+01,5656,4654,3793
9.40304018E+01,5622,4666,3838
9.40505178E+01,5570,4695,3878
9.40706348E+01,5538,4707,3895
9.40907518E+01,5483,4731,3927
9.41108688E+01,5461,4740,3954
9.41309848E+01,5396,4750,4005
9.41511018E+01,5356,4763,4032
9.41712188E+01,5327,4788,4048
9.41913358E+01,5291,4781,4088
9.42114518E+01,5268,4793,4117
9.42315688E+01,5219,4804,4168
9.42516858E+01,5177,4822,4185
9.42718028E+01,5137,4818,4239
9.42919188E+01,5081,4845,4264
9.43120358E+01,5029,4844,4301
9.43321528E+01,4990,4826,4346
9.43522698E+01,4945,4835,4394
9.43723858E+01,4893,4847,4409
9.43925028E+01,4860,4860,4450
9.44126198E+01,4803,4861,4486
9.44327368E+01,4740,4869,4520
9.44528528E+01,4696,4884,4552
9.44729698E+01,4642,4889,4560
9.44930868E+01,4594,4934,4560
9.45132038E+01,4531,4934,4580
9.45333198E+01,4531,4952,4586
9.45534368E+01,4481,4986,4614
9.45735538E+01,4402,5013,4618
9.45936708E+01,4345,5032,4626
9.46137868E+01,4285,5073,4628
9.46339038E+01,4207,5079,4652
9.46540208E+01,4133,5101,4662
9.46741368E+01,4059,5139,4713
9.46942538E+01,3997,5123,4725
9.47143708E+01,3935,5148,4776
9.47344870E+01,3859,5129,4802
9.47546030E+01,3803,5124,4843
9.47747200E+01,3750,5119,4865
9.47948370E+01,3704,5130,4913
9.48149540E+01,3625,5115,4947
9.48350700E+01,3571,5117,4975
9.48551870E+01,3522,5119,4996
9.48753040E+01,3455,5129,5022
9.48954210E+01,3385,5126,5034
9.49155370E+01,3339,5145,5029
9.49356540E+01,3285,5136,5039
9.49557710E+01,3247,5191,5043
9.49758870E+01,3166,5153,5073
9.49960040E+01,3124,5153,5065
9.50161210E+01,3068,5166,5103
9.50362380E+01,3022,5144,5104
9.50563540E+01,2955,5144,5135
9.50764710E+01,2917,5125,5176
9.50965880E+01,2865,5086,5210
9.51167050E+01,2821,5049,5268
9.51368210E+01,2786,5009,5311
9.51569380E+01,2724,4978,5370
9.51770550E+01,2676,4936,5408
9.51971720E+01,2644,4903,5446
9.52172880E+01,2607,4878,5446
9.52374050E+01,2607,4878,5463
9.52575220E+01,2575,4861,5488
9.52776380E+01,2542,4837,5512
9.52977550E+01,2488,4820,5528
9.53178720E+01,2453,4806,5540
9.53379890E+01,2433,4798,5535
9.53581050E+01,2406,4778,5573
9.53782220E+01,2376,4756,5588
9.53983390E+01,2324,4768,5609
9.54184550E+01,2316,4743,5639
9.54385720E+01,2293,4730,5640
9.54586890E+01,2255,4705,5656
9.54788060E+01,2236,4677,5687
9.54989220E+01,2191,4635,5731
9.55190390E+01,2181,4589,5782
9.55391560E+01,2153,4544,5802
9.55592720E+01,2145,4497,5855
9.55793890E+01,2135,4453,5887
9.55995060E+01,2121,4411,5926
9.56196230E+01,2096,4363,5984
9.56397390E+01,2088,4322,6022
9.56598560E+01,2084,4265,6048
9.56799730E+01,2082,4212,6092
9.57000900E+01,2095,4165,6136
9.57202060E+01,2060,4132,6166
9.57403255E+01,2061,4064,6199
9.57604425E+01,2053,4017,6237
9.57805585E+01,2032,3952,6290
9.58006755E+01,2029,3890,6313
9.58207925E+01,2016,3843,6363
9.58409095E+01,1987,3774,6407
9.58610255E+01,1956,3715,6421
9.58811425E+01,1965,3701,6464
9.59012595E+01,1956,3627,6501
9.59213755E+01,1937,3560,6522
9.59414925E+01,1922,3560,6522
9.59616095E+01,1922,3504,6568
9.59817265E+01,1905,3459,6582
9.60018425E+01,1906,3379,6606
9.60219595E+01,1900,3359,6627
9.60420765E+01,1885,3314,6670
9.60621925E+01,1867,3281,6691
9.60823095E+01,1880,3229,6711
9.61024265E+01,1846,3195,6733
9.61225435E+01,1875,3154,6752
9.61426595E+01,1844,3120,6752
9.61627765E+01,1834,3126,6756
9.61828935E+01,1824,3098,6757
9.62030095E+01,1831,3114,6773
9.62231265E+01,1811,3143,6756
9.62432435E+01,1830,3121,6761
9.62633595E+01,1828,3166,6730
9.62834765E+01,1823,3187,6727
9.63035935E+01,1820,3210,6718
9.63237105E+01,1852,3242,6693
9.63438265E+01,1832,3287,6689
9.63639435E+01,1853,3326,6666
9.63840605E+01,1863,3374,6628
9.64041765E+01,1856,3432,6597
9.64242935E+01,1856,3453,6570
9.64444105E+01,1860,3500,6567
9.64645265E+01,1862,3545,6543
9.64846435E+01,1873,3586,6486
9.65047605E+01,1879,3628,6490
9.65248775E+01,1874,3684,6453
9.65449935E+01,1882,3700,6443
9.65651105E+01,1891,3766,6416
9.65852275E+01,1868,3805,6382
9.66053435E+01,1892,3832,6372
9.66254605E+01,1866,3861,6344
9.66455775E+01,1886,3905,6344
9.66656945E+01,1912,3905,6330
9.66858105E+01,1912,3911,6318
9.67059275E+01,1928,3956,6287
9.67260445E+01,1932,3938,6269
9.67461578E+01,1951,3966,6263
9.67662748E+01,1962,3956,6251
9.67863918E+01,1977,3970,6251
9.68065078E+01,1995,3976,6278
9.68266248E+01,2013,3958,6262
9.68467418E+01,2025,3951,6270
9.68668578E+01,2028,3954,6250
9.68869748E+01,2049,3945,6269
9.69070918E+01,2071,3927,6262
9.69272088E+01,2085,3935,6273
9.69473248E+01,2079,3915,6269
9.69674418E+01,2104,3917,6289
9.69875588E+01,2092,3925,6289
9.70076748E+01,2103,3917,6305
9.70277918E+01,2098,3907,6309
9.70479088E+01,2107,3881,6308
9.70680248E+01,2099,3874,6305
9.70881418E+01,2103,3834,6330
9.71082588E+01,2096,3836,6341
9.71283758E+01,2087,3814,6381
9.71484918E+01,2085,3788,6370
9.71686088E+01,2097,3770,6410
9.71887258E+01,2068,3750,6409
9.72088418E+01,2067,3735,6428
9.72289588E+01,2037,3700,6430
9.72490758E+01,2022,3684,6445
9.72691918E+01,2002,3668,6465
9.72893088E+01,1988,3679,6472
9.73094258E+01,1969,3675,6468
9.73295418E+01,1967,3682,6467
9.73496588E+01,1947,3695,6465
9.73697758E+01,1944,3691,6465
9.73898918E+01,1924,3691,6448
9.74100088E+01,1924,3714,6452
9.74301258E+01,1915,3736,6437
9.74502428E+01,1904,3752,6418
9.74703588E+01,1860,3778,6404
9.74904758E+01,1862,3804,6372
9.75105928E+01,1821,3823,6376
9.75307088E+01,1812,3877,6357
9.75508258E+01,1801,3908,6322
9.75709428E+01,1790,3915,6305
9.75910588E+01,1771,3961,6285
9.76111758E+01,1754,3984,6252
9.76312928E+01,1729,4013,6250
9.76514088E+01,1717,4027,6226
9.76715258E+01,1685,4070,6210
9.76916428E+01,1671,4065,6205
9.77117588E+01,1646,4102,6194
9.77318766E+01,1641,4124,6172
9.77519936E+01,1627,4155,6140
9.77721096E+01,1640,4172,6135
9.77922266E+01,1599,4190,6124
9.78123436E+01,1610,4220,6106
9.78324596E+01,1602,4255,6081
9.78525766E+01,1597,4281,6056
9.78726936E+01,1584,4303,6021
9.78928096E+01,1599,4348,5993
9.79129266E+01,1584,4402,5961
9.79330436E+01,1581,4440,5921
9.79531606E+01,1572,4479,5888
9.79732766E+01,1594,4551,5850
9.79933936E+01,1599,4588,5791
9.80135106E+01,1588,4652,5758
9.80336266E+01,1598,4694,5710
9.80537436E+01,1612,4766,5665
9.80738606E+01,1616,4803,5595
9.80939766E+01,1616,4803,5595
9.81140936E+01,1616,4865,5536
9.81342106E+01,1617,4916,5489
9.81543266E+01,1630,4976,5435
9.81744436E+01,1628,5039,5394
9.81945606E+01,1633,5096,5302
9.82146766E+01,1630,5126,5256
9.82347936E+01,1644,5187,5187
9.82549106E+01,1650,5238,5141
9.82750266E+01,1675,5256,5068
9.82951436E+01,1679,5326,5011
9.83152606E+01,1672,5377,4941
9.83353766E+01,1697,5413,4909
9.83554936E+01,1721,5467,4829
9.83756106E+01,1709,5493,4817
9.83957266E+01,1724,5514,4751
9.84158436E+01,1741,5566,4713
9.84359606E+01,1749,5586,4655
9.84560766E+01,1762,5630,4598
9.84761936E+01,1759,5671,4543
9.84963106E+01,1764,5705,4489
9.85164266E+01,1768,5742,4414
9.85365436E+01,1795,5791,4350
9.85566606E+01,1795,5818,4286
9.85767766E+01,1806,5854,4233
9.85968936E+01,1801,5889,4155
9.86170106E+01,1822,5950,4083
9.86371266E+01,1811,5987,3995
9.86572436E+01,1813,6029,3930
9.86773606E+01,1836,6089,3832
9.86974766E+01,1814,6103,3757
9.87175936E+01,1814,6129,3688
9.87377091E+01,1834,6185,3609
9.87578261E+01,1817,6197,3551
9.87779431E+01,1811,6226,3486
9.87980591E+01,1796,6242,3437
9.88181761E+01,1793,6257,3437
9.88382931E+01,1793,6257,3414
9.88584091E+01,1770,6266,3370
9.88785261E+01,1775,6302,3340
9.88986431E+01,1772,6297,3307
9.89187591E+01,1780,6311,3271
9.89388761E+01,1779,6314,3253
9.89589931E+01,1784,6335,3192
9.89791091E+01,1796,6352,3168
9.89992261E+01,1789,6380,3089
9.90193431E+01,1807,6419,3039
9.90394591E+01,1826,6402,2965
9.90595761E+01,1827,6436,2901
9.90796931E+01,1837,6456,2794
9.90998091E+01,1854,6494,2712
9.91199261E+01,1835,6513,2628
9.91400431E+01,1860,6560,2543
9.91601591E+01,1853,6572,2442
9.91802761E+01,1857,6574,2372
9.92003931E+01,1863,6582,2290
9.92205091E+01,1861,6595,2231
9.92406261E+01,1853,6618,2198
9.92607431E+01,1846,6620,2161
9.92808591E+01,1854,6622,2123
9.93009761E+01,1849,6640,2083
9.93210921E+01,1830,6647,2030
9.93412091E+01,1839,6630,1995
9.93613261E+01,1825,6641,1991
9.93814421E+01,1829,6651,1939
9.94015591E+01,1836,6662,1872
9.94216761E+01,1818,6656,1816
9.94417921E+01,1819,6668,1729
9.94619091E+01,1824,6671,1628
9.94820261E+01,1823,6668,1533
9.95021421E+01,1817,6689,1407
9.95222591E+01,1810,6678,1282
9.95423761E+01,1807,6683,1282
9.95624921E+01,1818,6683,1169
9.95826091E+01,1818,6674,1064
9.96027261E+01,1824,6673,955
9.96228421E+01,1806,6673,843
9.96429591E+01,1803,6662,732
9.96630751E+01,1823,6658,623
9.96831921E+01,1801,6638,520
9.97033091E+01,1812,6631,404
9.97234251E+01,1813,6602,276
9.97435421E+01,1819,6608,158
9.97636591E+01,1808,6577,52
9.97837751E+01,1801,6564,-23
9.98038921E+01,1814,6549,-89
9.98240091E+01,1803,6535,-146
9.98441251E+01,1776,6522,-205
9.98642421E+01,1803,6501,-257
9.98843581E+01,1796,6483,-324
9.99044751E+01,1794,6484,-388
9.99245921E+01,1774,6458,-456
9.99447081E+01,1791,6437,-528
9.99648251E+01,1780,6415,-589
9.99849421E+01,1804,6387,-655
1.00005058E+02,1769,6387,-706
1.00025175E+02,1791,6355,-778
1.00045292E+02,1772,6322,-872
1.00065408E+02,1794,6299,-950
1.00085525E+02,1796,6248,-1019
1.00105642E+02,1803,6213,-1111
1.00125758E+02,1780,6171,-1175
1.00145875E+02,1809,6142,-1248
1.00165991E+02,1803,6111,-1315
1.00186108E+02,1804,6087,-1385
1.00206225E+02,1804,6050,-1455
1.00226341E+02,1824,6017,-1532
1.00246458E+02,1810,5969,-1609
1.00266575E+02,1826,5923,-1609
1.00286691E+02,1830,5923,-1698
1.00306808E+02,1830,5868,-1756
1.00326924E+02,1840,5827,-1845
1.00347041E+02,1831,5769,-1927
1.00367158E+02,1820,5718,-2000
1.00387274E+02,1814,5670,-2083
1.00407391E+02,1825,5602,-2160
1.00427508E+02,1815,5569,-2219
1.00447624E+02,1809,5519,-2288
1.00467741E+02,1823,5470,-2356
1.00487858E+02,1800,5407,-2420
1.00507974E+02,1784,5359,-2499
1.00528091E+02,1779,5266,-2551
1.00548207E+02,1769,5234,-2630
1.00568324E+02,1758,5169,-2677
1.00588441E+02,1759,5130,-2740
1.00608557E+02,1740,5053,-2800
1.00628674E+02,1746,4994,-2857
1.00648791E+02,1741,4941,-2919
1.00668907E+02,1777,4896,-2974
1.00689024E+02,1757,4792,-3050
1.00709140E+02,1762,4721,-3096
1.00729257E+02,1769,4646,-3179
1.00749374E+02,1783,4556,-3225
1.00769490E+02,1785,4491,-3301
1.00789607E+02,1789,4435,-3352
1.00809724E+02,1787,4394,-3371
1.00829840E+02,1797,4347,-3404
1.00849957E+02,1800,4293,-3455
1.00870073E+02,1809,4262,-3464
1.00890190E+02,1810,4207,-3467
1.00910307E+02,1842,4198,-3508
1.00930423E+02,1845,4173,-3489
1.00950540E+02,1850,4161,-3501
1.00970656E+02,1852,4152,-3500
1.00990773E+02,1866,4168,-3500
1.01010890E+02,1866,4168,-3525
1.01031006E+02,1862,4129,-3514
1.01051123E+02,1856,4116,-3548
1.01071240E+02,1871,4120,-3518
1.01091356E+02,1880,4108,-3551
1.01111473E+02,1867,4097,-3544
1.01131589E+02,1889,4085,-3544
1.01151706E+02,1896,4072,-3548
1.01171823E+02,1902,4078,-3548
1.01191939E+02,1906,4101,-3540
1.01212056E+02,1899,4092,-3533
1.01232172E+02,1903,4121,-3543
1.01252289E+02,1922,4135,-3515
1.01272406E+02,1918,4138,-3513
1.01292522E+02,1903,4144,-3507
1.01312639E+02,1937,4159,-3502
1.01332756E+02,1933,4153,-3513
1.01352872E+02,1940,4140,-3519
1.01372989E+02,1926,4120,-3524
1.01393105E+02,1940,4100,-3567
1.01413222E+02,1932,4061,-3591
1.01433339E+02,1939,3961,-3627
1.01453455E+02,1919,3931,-3673
1.01473572E+02,1954,3843,-3730
1.01493688E+02,1936,3735,-3768
1.01513805E+02,1925,3630,-3833
1.01533922E+02,1910,3537,-3893
1.01554038E+02,1927,3400,-3952
1.01574155E+02,1896,3246,-4019
1.01594271E+02,1902,3116,-4098
1.01614388E+02,1904,2916,-4167
1.01634505E+02,1874,2714,-4235
1.01654621E+02,1872,2511,-4327
1.01674738E+02,1868,2296,-4372
1.01694855E+02,1845,2043,-4431
1.01714971E+02,1835,1849,-4431
1.01735089E+02,1835,1849,-4476
1.01755205E+02,1842,1619,-4505
1.01775322E+02,1822,1427,-4540
1.01795439E+02,1811,1217,-4551
1.01815555E+02,1816,1042,-4577
1.01835672E+02,1805,895,-4581
1.01855788E+02,1803,752,-4584
1.01875905E+02,1795,632,-4595
1.01896022E+02,1791,476,-4596
1.01916138E+02,1795,378,-4585
1.01936255E+02,1785,213,-4572
1.01956371E+02,1783,81,-4569
1.01976488E+02,1784,-32,-4547
1.01996605E+02,1778,-138,-4533
1.02016721E+02,1784,-267,-4516
1.02036838E+02,1780,-366,-4515
1.02056954E+02,1765,-502,-4488
1.02077071E+02,1759,-598,-4470
1.02097187E+02,1739,-715,-4445
1.02117304E+02,1732,-802,-4437
1.02137421E+02,1724,-882,-4428
1.02157537E+02,1717,-965,-4405
1.02177654E+02,1691,-1027,-4380
1.02197770E+02,1710,-1095,-4385
1.02217887E+02,1683,-1172,-4335
1.02238004E+02,1684,-1274,-4342
1.02258120E+02,1656,-1350,-4288
1.02278237E+02,1656,-1473,-4258
1.02298353E+02,1656,-1567,-4228
1.02318470E+02,1648,-1670,-4210
1.02338587E+02,1644,-1750,-4169
1.02358703E+02,1640,-1826,-4144
1.02378820E+02,1653,-1888,-4123
1.02398936E+02,1645,-1965,-4100
1.02419053E+02,1628,-1995,-4087
1.02439170E+02,1650,-1798,-4087
1.02459286E+02,1650,-2054,-4057
1.02479403E+02,1643,-2102,-4043
1.02499519E+02,1635,-2163,-4016
1.02519636E+02,1640,-2227,-3997
1.02539753E+02,1648,-2281,-3965
1.02559869E+02,1646,-2358,-3933
1.02579986E+02,1622,-2446,-3897
1.02600102E+02,1626,-2513,-3875
1.02620219E+02,1629,-2566,-3840
1.02640335E+02,1620,-2611,-3800
1.02660452E+02,1611,-2691,-3762
1.02680569E+02,1602,-2715,-3746
1.02700685E+02,1593,-2788,-3727
1.02720802E+02,1581,-2821,-3700
1.02740917E+02,1573,-2862,-3664
1.02761034E+02,1580,-2912,-3658
1.02781151E+02,1565,-2955,-3617
1.02801267E+02,1575,-3003,-3594
1.02821384E+02,1577,-3088,-3550
1.02841500E+02,1557,-3138,-3508
1.02861617E+02,1548,-3222,-3451
1.02881734E+02,1538,-3277,-3404
1.02901850E+02,1539,-3357,-3354
1.02921967E+02,1534,-3450,-3298
1.02942083E+02,1523,-3508,-3225
1.02962200E+02,1517,-3586,-3177
1.02982316E+02,1503,-3655,-3112
1.03002433E+02,1504,-3740,-3040
1.03022550E+02,1495,-3792,-3008
1.03042666E+02,1503,-3833,-2968
1.03062783E+02,1488,-3912,-2910
1.03082899E+02,1482,-3942,-2879
1.03103016E+02,1487,-3992,-2815
1.03123132E+02,1501,-4041,-2771
1.03143249E+02,1489,-4096,-2730
1.03163366E+02,1500,-4096,-2730
1.03183482E+02,1500,-4149,-2681
1.03203599E+02,1497,-4177,-2626
1.03223715E+02,1500,-4243,-2595
1.03243832E+02,1501,-4279,-2551
1.03263949E+02,1511,-4323,-2501
1.03284065E+02,1510,-4384,-2443
1.03304182E+02,1519,-4388,-2442
1.03324298E+02,1506,-4415,-2400
1.03344415E+02,1504,-4410,-2399
1.03364531E+02,1526,-4446,-2390
1.03384648E+02,1517,-4457,-2354
1.03404765E+02,1513,-4487,-2332
1.03424881E+02,1497,-4520,-2267
1.03444998E+02,1512,-4596,-2224
1.03465114E+02,1481,-4659,-2115
1.03485231E+02,1489,-4762,-2043
1.03505347E+02,1466,-4837,-1918
1.03525464E+02,1482,-4951,-1795
1.03545581E+02,1469,-5049,-1664
1.03565697E+02,1477,-5130,-1542
1.03585814E+02,1477,-5209,-1408
1.03605930E+02,1489,-5266,-1315
1.03626047E+02,1498,-5316,-1216
1.03646163E+02,1509,-5352,-1147
1.03666280E+02,1522,-5391,-1087
1.03686397E+02,1527,-5430,-1021
1.03706513E+02,1544,-5465,-968
1.03726630E+02,1558,-5495,-906
1.03746746E+02,1537,-5533,-839
1.03766863E+02,1548,-5593,-755
1.03786979E+02,1539,-5623,-648
1.03807096E+02,1546,-5666,-532
1.03827212E+02,1536,-5719,-404
1.03847329E+02,1526,-5782,-275
1.03867446E+02,1535,-5821,-275
1.03887562E+02,1526,-5821,-127
1.03907679E+02,1526,-5876,43
1.03927795E+02,1511,-5911,203
1.03947912E+02,1516,-5955,399
1.03968028E+02,1488,-5983,588
1.03988145E+02,1518,-6020,798
1.04008261E+02,1523,-6038,1000
1.04028378E+02,1490,-6056,1194
1.04048495E+02,1494,-6069,1371
1.04068611E+02,1469,-6068,1522
1.04088728E+02,1463,-6078,1661
1.04108844E+02,1455,-6058,1777
1.04128961E+02,1459,-6063,1878
1.04149077E+02,1461,-6047,2025
1.04169194E+02,1467,-6037,2169
1.04189311E+02,1494,-5993,2335
1.04209427E+02,1538,-5979,2507
1.04229544E+02,1530,-5939,2697
1.04249660E+02,1555,-5929,2845
1.04269777E+02,1541,-5862,3000
1.04289893E+02,1559,-5830,3118
1.04310010E+02,1538,-5820,3209
1.04330126E+02,1553,-5791,3273
1.04350243E+02,1558,-5763,3308
1.04370360E+02,1572,-5791,3308
1.04390476E+02,1573,-5779,3294
1.04410593E+02,1576,-5797,3268
1.04430709E+02,1600,-5823,3237
1.04450826E+02,1593,-5822,3209
1.04470942E+02,1600,-5851,3155
1.04491059E+02,1612,-5864,3087
1.04511175E+02,1615,-5880,3059
1.04531292E+02,1619,-5916,2991
1.04551409E+02,1608,-5925,2908
1.04571525E+02,1622,-5966,2820
1.04591642E+02,1613,-5966,2820
1.04611758E+02,1613,-5979,2721
1.04631875E+02,1613,-6014,2652
1.04651991E+02,1598,-6040,2556
1.04672108E+02,1604,-6038,2487
1.04692224E+02,1590,-6060,2428
1.04712341E+02,1579,-6072,2348
1.04732458E+02,1579,-6077,2261
1.04752575E+02,1558,-6104,2178
1.04772692E+02,1545,-6125,2080
1.04792808E+02,1530,-6118,1961
1.04812925E+02,1532,-6156,1857
1.04833041E+02,1518,-6150,1794
1.04853158E+02,1515,-6156,1692
1.04873274E+02,1506,-6169,1657
1.04893391E+02,1493,-6177,1593
1.04913507E+02,1473,-6164,1530
1.04933624E+02,1490,-6177,1490
1.04953741E+02,1475,-6194,1481
1.04973857E+02,1484,-6186,1425
1.04993974E+02,1479,-6190,1382
1.05014090E+02,1493,-6189,1350
1.05034207E+02,1481,-6192,1285
1.05054323E+02,1484,-6193,1214
1.05074440E+02,1485,-6181,1151
1.05094556E+02,1497,-6191,1081
1.05114673E+02,1504,-6191,1030
1.05134789E+02,1510,-6181,1008
1.05154906E+02,1493,-6172,971
1.05175022E+02,1508,-6200,942
1.05195139E+02,1517,-6188,914
1.05215256E+02,1518,-6166,892
1.05235372E+02,1495,-6200,916
1.05255489E+02,1518,-6214,870
1.05275605E+02,1518,-6174,873
1.05295722E+02,1533,-6183,873
1.05315838E+02,1552,-6183,835
1.05335955E+02,1552,-6170,766
1.05356071E+02,1570,-6163,725
1.05376188E+02,1577,-6138,676
1.05396304E+02,1600,-6158,636
1.05416421E+02,1589,-6147,595
1.05436537E+02,1598,-6130,581
1.05456654E+02,1597,-6134,538
1.05476771E+02,1603,-6116,505
1.05496887E+02,1622,-6116,448
1.05517004E+02,1621,-6100,394
1.05537120E+02,1621,-6093,339
1.05557237E+02,1637,-6081,263
1.05577353E+02,1640,-6059,203
1.05597470E+02,1645,-6051,135
1.05617586E+02,1660,-6050,82
1.05637703E+02,1637,-6037,37
1.05657819E+02,1640,-6034,0
1.05677936E+02,1645,-6014,-29
1.05698052E+02,1645,-6010,-63
1.05718169E+02,1652,-6002,-71
1.05738284E+02,1655,-5987,-122
1.05758401E+02,1656,-5986,-168
1.05778517E+02,1650,-5978,-205
1.05798634E+02,1656,-5983,-271
1.05818751E+02,1636,-5961,-310
1.05838867E+02,1658,-5937,-349
1.05858984E+02,1655,-5942,-416
1.05879100E+02,1647,-5911,-470
1.05899217E+02,1673,-5874,-528
1.05919333E+02,1651,-5860,-610
1.05939450E+02,1638,-5826,-701
1.05959566E+02,1637,-5797,-793
1.05979683E+02,1632,-5755,-895
1.05999799E+02,1621,-5735,-962
1.06019916E+02,1618,-5695,-962
1.06040032E+02,1610,-5695,-1051
1.06060149E+02,1610,-5651,-1127
1.06080265E+02,1601,-5622,-1193
1.06100382E+02,1597,-5603,-1237
1.06120498E+02,1584,-5543,-1293
1.06140615E+02,1570,-5547,-1341
1.06160731E+02,1566,-5523,-1351
1.06180848E+02,1547,-5488,-1390
1.06200964E+02,1543,-5467,-1415
1.06221081E+02,1534,-5481,-1433
1.06241197E+02,1522,-5469,-1433
1.06261314E+02,1515,-5440,-1434
1.06281431E+02,1502,-5421,-1441
1.06301547E+02,1497,-5410,-1466
1.06321664E+02,1493,-5410,-1485
1.06341780E+02,1484,-5365,-1544
1.06361897E+02,1481,-5327,-1582
1.06382013E+02,1502,-5274,-1653
1.06402130E+02,1503,-5230,-1715
1.06422246E+02,1503,-5185,-1786
1.06442363E+02,1506,-5127,-1853
1.06462479E+02,1540,-5080,-1937
1.06482596E+02,1533,-5007,-1996
1.06502712E+02,1566,-4977,-2085
1.06522829E+02,1585,-4899,-2168
1.06542945E+02,1587,-4844,-2225
1.06563062E+02,1600,-4794,-2289
1.06583178E+02,1605,-4730,-2354
1.06603295E+02,1608,-4663,-2417
1.06623411E+02,1617,-4602,-2492
1.06643528E+02,1622,-4546,-2562
1.06663644E+02,1632,-4463,-2632
1.06683761E+02,1634,-4414,-2695
1.06703877E+02,1636,-4328,-2773
1.06723994E+02,1641,-4270,-2840
1.06744110E+02,1650,-4200,-2840
1.06764227E+02,1650,-4200,-2907
1.06784343E+02,1645,-4142,-2974
1.06804460E+02,1653,-4080,-3035
1.06824576E+02,1628,-4024,-3074
1.06844693E+02,1623,-3990,-3104
1.06864809E+02,1645,-3944,-3135
1.06884926E+02,1632,-3920,-3143
1.06905042E+02,1630,-3880,-3181
1.06925159E+02,1614,-3837,-3220
1.06945275E+02,1643,-3796,-3261
1.06965392E+02,1608,-3723,-3292
1.06985508E+02,1628,-3687,-3347
1.07005625E+02,1634,-3646,-3374
1.07025741E+02,1644,-3602,-3416
1.07045858E+02,1656,-3578,-3423
1.07065974E+02,1669,-3557,-3447
1.07086091E+02,1668,-3532,-3448
1.07106207E+02,1696,-3502,-3487
1.07126324E+02,1701,-3470,-3498
1.07146440E+02,1692,-3437,-3547
1.07166557E+02,1718,-3389,-3561
1.07186673E+02,1729,-3374,-3604
1.07206790E+02,1719,-3292,-3629
1.07226906E+02,1737,-3221,-3680
1.07247023E+02,1738,-3164,-3704
1.07267139E+02,1754,-3094,-3761
1.07287256E+02,1757,-3022,-3790
1.07307372E+02,1759,-2960,-3837
1.07327489E+02,1766,-2896,-3883
1.07347605E+02,1760,-2821,-3913
1.07367722E+02,1762,-2750,-3944
1.07387838E+02,1764,-2718,-3988
1.07407955E+02,1764,-2658,-4008
1.07428071E+02,1783,-2616,-4028
1.07448188E+02,1769,-2576,-4058
1.07468304E+02,1795,-2795,-4058
1.07488421E+02,1795,-2539,-4077
1.07508537E+02,1806,-2479,-4095
1.07528654E+02,1808,-2450,-4127
1.07548770E+02,1817,-2372,-4141
1.07568887E+02,1819,-2315,-4172
1.07589003E+02,1819,-2235,-4201
1.07609120E+02,1833,-2181,-4246
1.07629236E+02,1845,-2095,-4272
1.07649353E+02,1834,-2058,-4303
1.07669469E+02,1843,-1996,-4331
1.07689586E+02,1841,-1928,-4360
1.07709702E+02,1849,-1867,-4375
1.07729819E+02,1857,-1809,-4388
1.07749935E+02,1865,-1754,-4409
1.07770052E+02,1859,-1677,-4440
1.07790168E+02,1873,-1633,-4464
1.07810285E+02,1872,-1561,-4463
1.07830401E+02,1871,-1482,-4500
1.07850518E+02,1870,-1408,-4506
1.07870634E+02,1871,-1331,-4540
1.07890751E+02,1873,-1266,-4558
1.07910867E+02,1871,-1190,-4591
1.07930984E+02,1863,-1160,-4594
1.07951100E+02,1899,-1098,-4601
1.07971217E+02,1894,-1039,-4627
1.07991333E+02,1900,-947,-4640
1.08011450E+02,1889,-843,-4683
1.08031566E+02,1914,-720,-4686
1.08051683E+02,1922,-627,-4708
1.08071799E+02,1936,-513,-4743
1.08091916E+02,1924,-469,-4731
1.08112032E+02,1940,-425,-4736
1.08132149E+02,1951,-393,-4757
1.08152265E+02,1965,-371,-4747
1.08172382E+02,1971,-352,-4751
1.08192498E+02,1973,-352,-4751
1.08212615E+02,1973,-353,-4763
1.08232731E+02,1967,-333,-4748
1.08252847E+02,1964,-281,-4777
1.08272964E+02,1949,-214,-4776
1.08293080E+02,1974,-179,-4785
1.08313197E+02,1960,-125,-4793
1.08333313E+02,1968,-56,-4808
1.08353430E+02,1973,25,-4806
1.08373546E+02,1960,106,-4814
1.08393663E+02,1982,182,-4838
1.08413779E+02,1967,248,-4839
1.08433896E+02,1970,339,-4842
1.08454012E+02,1976,405,-4849
1.08474129E+02,1980,510,-4860
1.08494245E+02,1959,598,-4851
1.08514362E+02,1971,695,-4888
1.08534478E+02,1987,800,-4847
1.08554595E+02,1986,886,-4866
1.08574711E+02,1983,992,-4865
1.08594828E+02,1964,1063,-4887
1.08614944E+02,1971,1184,-4871
1.08635061E+02,1952,1263,-4874
1.08655177E+02,1935,1343,-4872
1.08675293E+02,1954,1425,-4875
1.08695410E+02,1952,1528,-4865
1.08715526E+02,1949,1607,-4867
1.08735643E+02,1946,1662,-4837
1.08755759E+02,1971,1723,-4854
1.08775876E+02,1954,1799,-4829
1.08795992E+02,1969,1807,-4828
1.08816109E+02,1965,1860,-4820
1.08836225E+02,1950,1865,-4840
1.08856342E+02,1962,1871,-4823
1.08876458E+02,1975,1863,-4814
1.08896575E+02,1985,1866,-4814
1.08916691E+02,1985,1866,-4830
1.08936808E+02,1985,1853,-4805
1.08956924E+02,1975,1822,-4821
1.08977041E+02,1983,1824,-4826
1.08997157E+02,1976,1792,-4830
1.09017273E+02,1979,1771,-4832
1.09037390E+02,1967,1720,-4816
1.09057506E+02,1966,1725,-4809
1.09077623E+02,1950,1714,-4836
1.09097739E+02,1950,1739,-4831
1.09117856E+02,1929,1732,-4815
1.09137972E+02,1917,1773,-4814
1.09158089E+02,1906,1802,-4816
1.09178205E+02,1896,1845,-4806
1.09198322E+02,1894,1903,-4791
1.09218438E+02,1890,1918,-4772
1.09238555E+02,1889,1992,-4779
1.09258671E+02,1908,2078,-4752
1.09278788E+02,1895,2154,-4749
1.09298904E+02,1899,2210,-4708
1.09319020E+02,1916,2323,-4706
1.09339137E+02,1913,2397,-4679
1.09359253E+02,1932,2495,-4643
1.09379370E+02,1958,2585,-4623
1.09399486E+02,1975,2648,-4605
1.09419603E+02,1988,2733,-4551
1.09439719E+02,2028,2792,-4524
1.09459836E+02,2043,2867,-4507
1.09479952E+02,2066,2944,-4470
1.09500069E+02,2047,3011,-4439
1.09520185E+02,2072,3101,-4396
1.09540301E+02,2063,3138,-4362
1.09560418E+02,2068,3215,-4335
1.09580534E+02,2071,3277,-4315
1.09600651E+02,2088,3314,-4309
1.09620767E+02,2097,3363,-4309
1.09640884E+02,2094,3363,-4279
1.09661000E+02,2094,3383,-4290
1.09681117E+02,2097,3409,-4274
1.09701233E+02,2079,3376,-4273
1.09721350E+02,2093,3382,-4293
1.09741466E+02,2046,3375,-4295
1.09761582E+02,2055,3344,-4308
1.09781699E+02,2031,3331,-4323
1.09801815E+02,2018,3305,-4342
1.09821932E+02,2001,3303,-4345
1.09842048E+02,2005,3322,-4370
1.09862165E+02,1977,3303,-4347
1.09882281E+02,1962,3298,-4366
1.09902398E+02,1944,3299,-4355
1.09922514E+02,1924,3333,-4347
1.09942630E+02,1916,3336,-4337
1.09962747E+02,1909,3388,-4347
1.09982863E+02,1902,3415,-4312
1.10002980E+02,1885,3461,-4281
1.10023096E+02,1887,3528,-4261
1.10043213E+02,1882,3622,-4228
1.10063329E+02,1882,3686,-4178
1.10083446E+02,1865,3745,-4147
1.10103562E+02,1852,3822,-4114
1.10123679E+02,1857,3900,-4072
1.10143795E+02,1847,3988,-4022
1.10163911E+02,1864,4073,-3978
1.10184028E+02,1852,4116,-3930
1.10204144E+02,1877,4201,-3892
1.10224261E+02,1839,4282,-3846
1.10244377E+02,1852,4362,-3782
1.10264494E+02,1845,4418,-3750
1.10284610E+02,1865,4473,-3727
1.10304726E+02,1874,4514,-3701
1.10324843E+02,1876,4553,-3686
1.10344959E+02,1895,4605,-3686
1.10365076E+02,1895,4605,-3652
1.10385192E+02,1895,4635,-3636
1.10405309E+02,1901,4687,-3603
1.10425425E+02,1908,4744,-3577
1.10445542E+02,1915,4792,-3531
1.10465658E+02,1914,4837,-3499
1.10485774E+02,1915,4891,-3455
1.10505891E+02,1931,4923,-3437
1.10526007E+02,1929,4970,-3393
1.10546124E+02,1950,5009,-3384
1.10566240E+02,1961,5035,-3372
1.10586357E+02,1964,5055,-3356
1.10606473E+02,1944,5089,-3347
1.10626589E+02,1940,5106,-3320
1.10646706E+02,1943,5144,-3292
1.10666822E+02,1928,5175,-3289
1.10686939E+02,1918,5191,-3270
1.10707055E+02,1928,5211,-3254
1.10727172E+02,1926,5250,-3234
1.10747288E+02,1911,5280,-3196
1.10767405E+02,1942,5312,-3200
1.10787521E+02,1939,5339,-3189
1.10807637E+02,1933,5383,-3165
1.10827754E+02,1918,5422,-3137
1.10847870E+02,1934,5449,-3110
1.10867987E+02,1918,5470,-3065
1.10888103E+02,1954,5508,-3034
1.10908220E+02,1946,5547,-3027
1.10928336E+02,1975,5544,-3021
1.10948452E+02,1942,5565,-3019
1.10968569E+02,1957,5568,-3008
1.10988685E+02,1959,5580,-3002
1.11008802E+02,1953,5603,-2988
1.11028918E+02,1950,5607,-2973
1.11049035E+02,1968,5643,-2963
1.11069151E+02,1964,5658,-2963
1.11089267E+02,1964,5658,-2944
1.11109384E+02,1972,5663,-2916
1.11129500E+02,1982,5706,-2896
1.11149617E+02,1976,5723,-2866
1.11169733E+02,1975,5762,-2837
1.11189850E+02,1966,5797,-2798
1.11209966E+02,1968,5848,-2737
1.11230082E+02,1949,5878,-2710
1.11250199E+02,1941,5933,-2669
1.11270315E+02,1935,5937,-2632
1.11290432E+02,1920,5992,-2582
1.11310548E+02,1938,5998,-2567
1.11330664E+02,1914,6032,-2544
1.11350781E+02,1930,6038,-2519
1.11370897E+02,1923,6050,-2479
1.11391014E+02,1922,6073,-2461
1.11411130E+02,1933,6117,-2428
1.11431247E+02,1937,6134,-2381
1.11451363E+02,1940,6190,-2313
1.11471479E+02,1943,6209,-2269
1.11491596E+02,1940,6274,-2184
1.11511712E+02,1955,6306,-2140
1.11531829E+02,1939,6341,-2071
1.11551945E+02,1941,6396,-2013
1.11572062E+02,1956,6431,-1949
1.11592178E+02,1924,6455,-1866
1.11612294E+02,1936,6491,-1787
1.11632411E+02,1928,6537,-1737
1.11652527E+02,1915,6587,-1656
1.11672644E+02,1917,6592,-1624
1.11692760E+02,1919,6617,-1568
1.11712876E+02,1905,6622,-1557
1.11732993E+02,1921,6640,-1525
1.11753110E+02,1924,6641,-1522
1.11773227E+02,1926,6677,-1488
1.11793343E+02,1956,6677,-1488
1.11813460E+02,1956,6672,-1446
1.11833576E+02,1970,6699,-1417
1.11853692E+02,1999,6710,-1369
1.11873809E+02,2011,6721,-1324
1.11893925E+02,2017,6738,-1268
1.11914042E+02,2026,6777,-1231
1.11934158E+02,2013,6788,-1183
1.11954274E+02,1996,6798,-1126
1.11974391E+02,1976,6845,-1077
1.11994507E+02,2008,6862,-1023
1.12014624E+02,1983,6876,-956
1.12034740E+02,1996,6890,-908
1.12054856E+02,1989,6906,-842
1.12074973E+02,1969,6926,-804
1.12095089E+02,1960,6980,-721
1.12115206E+02,1940,6994,-656
1.12135322E+02,1926,7009,-588
1.12155439E+02,1921,7039,-503
1.12175555E+02,1902,7082,-428
1.12195671E+02,1904,7083,-371
1.12215788E+02,1869,7095,-306
1.12235904E+02,1854,7111,-267
1.12256021E+02,1866,7129,-215
1.12276137E+02,1837,7109,-188
1.12296253E+02,1841,7143,-152
1.12316370E+02,1843,7135,-107
1.12336486E+02,1863,7163,-55
1.12356603E+02,1867,7171,-37
1.12376719E+02,1886,7184,-4
1.12396835E+02,1888,7174,17
1.12416952E+02,1881,7179,58
1.12437068E+02,1885,7189,95
1.12457185E+02,1870,7219,157
1.12477301E+02,1880,7202,196
1.12497417E+02,1874,7229,196
1.12517534E+02,1864,7229,250
1.12537650E+02,1864,7236,295
1.12557767E+02,1862,7265,312
1.12577883E+02,1867,7246,350
1.12597999E+02,1861,7248,360
1.12618116E+02,1877,7250,436
1.12638232E+02,1875,7245,468
1.12658349E+02,1873,7272,528
1.12678465E+02,1875,7264,575
1.12698581E+02,1870,7294,647
1.12718698E+02,1881,7287,721
1.12738814E+02,1884,7305,808
1.12758930E+02,1858,7322,883
1.12779046E+02,1870,7316,971
1.12799162E+02,1857,7306,1047
1.12819279E+02,1886,7326,1120
1.12839395E+02,1869,7334,1204
1.12859512E+02,1878,7337,1272
1.12879628E+02,1864,7317,1331
1.12899744E+02,1868,7310,1393
1.12919861E+02,1893,7344,1470
1.12939977E+02,1906,7342,1521
1.12960094E+02,1896,7335,1581
1.12980210E+02,1899,7319,1671
1.13000326E+02,1929,7310,1700
1.13020443E+02,1911,7332,1745
1.13040559E+02,1926,7332,1776
1.13060676E+02,1948,7331,1821
1.13080792E+02,1948,7313,1869
1.13100908E+02,1931,7304,1934
1.13121025E+02,1964,7317,1963
1.13141141E+02,1964,7296,2038
1.13161258E+02,1971,7296,2071
1.13181374E+02,1954,7304,2146
1.13201490E+02,1946,7291,2202
1.13221607E+02,1958,7261,2202
1.13241723E+02,1934,7261,2287
1.13261839E+02,1934,7261,2350
1.13281956E+02,1917,7249,2432
1.13302072E+02,1923,7222,2497
1.13322189E+02,1902,7231,2564
1.13342305E+02,1909,7213,2623
1.13362421E+02,1894,7194,2690
1.13382538E+02,1890,7194,2755
1.13402654E+02,1861,7166,2812
1.13422771E+02,1862,7168,2875
1.13442887E+02,1863,7145,2895
1.13463003E+02,1849,7146,2944
1.13483120E+02,1884,7139,2973
1.13503236E+02,1900,7126,3005
1.13523353E+02,1887,7105,3074
1.13543469E+02,1931,7077,3141
1.13563585E+02,1904,7076,3216
1.13583702E+02,1907,7053,3293
1.13603818E+02,1901,7042,3332
1.13623934E+02,1901,7000,3412
1.13644051E+02,1888,6986,3454
1.13664167E+02,1901,6974,3513
1.13684284E+02,1918,6953,3547
1.13704400E+02,1947,6912,3623
1.13724516E+02,1913,6904,3685
1.13744634E+02,1943,6860,3765
1.13764750E+02,1920,6859,3806
1.13784866E+02,1920,6818,3884
1.13804983E+02,1919,6787,3971
1.13825099E+02,1933,6743,4050
1.13845216E+02,1922,6680,4148
1.13865332E+02,1929,6645,4253
1.13885448E+02,1919,6611,4338
1.13905565E+02,1921,6525,4459
1.13925681E+02,1926,6452,4588
1.13945797E+02,1931,6367,4588
1.13965914E+02,1930,6367,4718
1.13986030E+02,1930,6310,4812
1.14006147E+02,1916,6293,4858
1.14026263E+02,1910,6261,4889
1.14046379E+02,1911,6273,4871
1.14066496E+02,1915,6248,4921
1.14086612E+02,1943,6237,4922
1.14106728E+02,1941,6246,4938
1.14126845E+02,1957,6242,4932
1.14146961E+02,1954,6251,4923
1.14167078E+02,1979,6244,4930
1.14187194E+02,1992,6246,4943
1.14207310E+02,2005,6216,4963
1.14227427E+02,1983,6232,4998
1.14247543E+02,1979,6209,5022
1.14267659E+02,1981,6179,5068
1.14287776E+02,1983,6152,5095
1.14307892E+02,1985,6125,5137
1.14328009E+02,1970,6124,5168
1.14348125E+02,1970,6106,5216
1.14368241E+02,1962,6073,5232
1.14388358E+02,1964,6058,5282
1.14408474E+02,1970,6014,5331
1.14428590E+02,1948,5998,5382
1.14448707E+02,1925,5952,5429
1.14468823E+02,1917,5906,5474
1.14488939E+02,1892,5863,5519
1.14509056E+02,1884,5828,5607
1.14529172E+02,1859,5772,5652
1.14549289E+02,1866,5735,5706
1.14569405E+02,1838,5666,5777
1.14589521E+02,1871,5649,5823
1.14609638E+02,1904,5579,5891
1.14629754E+02,1936,5536,5968
1.14649870E+02,1967,5492,6030
1.14669987E+02,2009,5459,6030
1.14690103E+02,2034,5459,6076
1.14710219E+02,2034,5420,6128
1.14730336E+02,2067,5400,6163
1.14750451E+02,2095,5363,6203
1.14770568E+02,2111,5322,6227
1.14790684E+02,2103,5352,6285
1.14810800E+02,2116,5315,6321
1.14830917E+02,2113,5270,6351
1.14851033E+02,2117,5286,6363
1.14871149E+02,2120,5250,6396
1.14891266E+02,2118,5204,6423
1.14911382E+02,2129,5168,6469
1.14931498E+02,2120,5170,6503
1.14951615E+02,2120,5127,6517
1.14971731E+02,2116,5112,6512
1.14991848E+02,2129,5124,6541
1.15011964E+02,2117,5092,6533
1.15032080E+02,2135,5089,6559
1.15052197E+02,2122,5068,6575
1.15072313E+02,2150,5067,6585
1.15092429E+02,2143,5069,6584
1.15112546E+02,2142,5042,6596
1.15132662E+02,2142,5005,6606
1.15152778E+02,2133,4982,6645
1.15172895E+02,2130,4927,6687
1.15193011E+02,2134,4841,6706
1.15213127E+02,2127,4773,6748
1.15233244E+02,2153,4670,6783
1.15253360E+02,2156,4572,6822
1.15273476E+02,2183,4472,6873
1.15293593E+02,2192,4372,6893
1.15313709E+02,2213,4291,6923
1.15333826E+02,2220,4233,6943
1.15353942E+02,2228,4147,6955
1.15374058E+02,2222,4104,6968
1.15394175E+02,2239,4324,6968
1.15414291E+02,2239,4068,6988
1.15434407E+02,2232,4044,6983
1.15454524E+02,2241,4037,6982
1.15474640E+02,2222,4003,6988
1.15494756E+02,2213,4044,6972
1.15514873E+02,2185,4066,6944
1.15534989E+02,2188,4109,6930
1.15555105E+02,2156,4166,6893
1.15575222E+02,2142,4245,6842
1.15595338E+02,2139,4299,6784
1.15615454E+02,2107,4398,6709
1.15635571E+02,2078,4514,6643
1.15655687E+02,2057,4552,6585
1.15675803E+02,2062,4546,6614
1.15695920E+02,2022,4481,6631
1.15716036E+02,2017,4458,6669
1.15736152E+02,1973,4389,6711
1.15756269E+02,1955,4343,6770
1.15776385E+02,1936,4285,6822
1.15796501E+02,1902,4213,6867
1.15816618E+02,1866,4139,6923
1.15836734E+02,1846,4047,6988
1.15856851E+02,1820,3992,7015
1.15876967E+02,1819,3954,7051
1.15897083E+02,1771,3857,7088
1.15917200E+02,1761,3814,7127
1.15937316E+02,1732,3785,7151
1.15957432E+02,1717,3730,7194
1.15977549E+02,1687,3730,7214
1.15997665E+02,1680,3656,7228
1.16017781E+02,1646,3672,7255
1.16037898E+02,1649,3663,7260
1.16058014E+02,1632,3636,7282
1.16078130E+02,1602,3629,7292
1.16098247E+02,1603,3632,7315
1.16118363E+02,1595,3620,7315
1.16138479E+02,1595,3620,7303
1.16158596E+02,1597,3608,7333
1.16178712E+02,1591,3621,7340
1.16198828E+02,1569,3593,7332
1.16218945E+02,1571,3603,7337
1.16239061E+02,1572,3593,7350
1.16259177E+02,1572,3597,7361
1.16279294E+02,1561,3590,7353
1.16299410E+02,1564,3582,7376
1.16319526E+02,1566,3581,7376
1.16339643E+02,1562,3588,7379
1.16359759E+02,1549,3584,7399
1.16379875E+02,1552,3565,7382
1.16399992E+02,1554,3572,7402
1.16420108E+02,1535,3580,7403
1.16440224E+02,1536,3574,7406
1.16460341E+02,1547,3589,7424
1.16480457E+02,1528,3570,7426
1.16500573E+02,1541,3580,7427
1.16520690E+02,1549,3584,7434
1.16540806E+02,1532,3582,7434
1.16560922E+02,1541,3564,7437
1.16581039E+02,1519,3594,7426
1.16601155E+02,1522,3584,7441
1.16621271E+02,1519,3593,7420
1.16641388E+02,1530,3592,7429
1.16661504E+02,1520,3575,7433
1.16681620E+02,1538,3581,7445
1.16701737E+02,1510,3572,7436
1.16721853E+02,1506,3590,7456
1.16741969E+02,1515,3573,7459
1.16762085E+02,1504,3580,7462
1.16782202E+02,1512,3594,7457
1.16802318E+02,1498,3602,7465
1.16822434E+02,1500,3601,7459
1.16842551E+02,1506,3834,7459
1.16862667E+02,1506,3578,7481
1.16882783E+02,1506,3594,7461
1.16902900E+02,1485,3596,7469
1.16923016E+02,1507,3591,7456
1.16943132E+02,1507,3603,7479
1.16963249E+02,1527,3591,7459
1.16983365E+02,1529,3587,7463
1.17003481E+02,1504,3583,7465
1.17023598E+02,1516,3593,7472
1.17043714E+02,1510,3605,7464
1.17063830E+02,1524,3587,7451
1.17083947E+02,1517,3607,7481
1.17104063E+02,1510,3601,7449
1.17124179E+02,1509,3595,7461
1.17144296E+02,1503,3590,7468
1.17164412E+02,1519,3587,7465
1.17184528E+02,1505,3595,7463
1.17204645E+02,1493,3605,7451
1.17224761E+02,1489,3592,7457
1.17244877E+02,1495,3588,7474
1.17264993E+02,1493,3595,7466
1.17285110E+02,1490,3611,7474
1.17305226E+02,1474,3592,7459
1.17325342E+02,1483,3609,7478
1.17345459E+02,1476,3603,7471
1.17365575E+02,1481,3592,7472
1.17385691E+02,1463,3597,7469
1.17405808E+02,1475,3615,7479
1.17425924E+02,1477,3615,7480
1.17446040E+02,1489,3601,7480
1.17466157E+02,1477,3593,7465
1.17486273E+02,1476,3622,7480
1.17506389E+02,1477,3594,7463
1.17526506E+02,1475,3588,7467
1.17546622E+02,1463,3603,7460
1.17566738E+02,1482,3594,7460
1.17586855E+02,1482,3594,7478
1.17606971E+02,1479,3598,7474
1.17627087E+02,1477,3603,7471
1.17647203E+02,1480,3612,7470
1.17667320E+02,1479,3591,7473
1.17687436E+02,1502,3614,7462
1.17707552E+02,1513,3605,7462
1.17727669E+02,1528,3591,7456
1.17747785E+02,1543,3587,7463
1.17767901E+02,1567,3579,7446
1.17788018E+02,1570,3573,7460
1.17808134E+02,1578,3556,7459
1.17828250E+02,1584,3582,7451
1.17848366E+02,1592,3566,7461
1.17868483E+02,1585,3592,7448
1.17888599E+02,1592,3586,7446
1.17908715E+02,1584,3585,7444
1.17928832E+02,1604,3582,7446
1.17948948E+02,1579,3574,7459
1.17969064E+02,1583,3600,7449
1.17989181E+02,1584,3586,7451
1.18009297E+02,1590,3572,7442
1.18029413E+02,1582,3569,7459
1.18049529E+02,1592,3581,7458
1.18069646E+02,1572,3590,7450
1.18089762E+02,1598,3586,7453
1.18109878E+02,1591,3580,7449
1.18129995E+02,1594,3588,7453
1.18150111E+02,1597,3585,7442
1.18170227E+02,1593,3580,7459
1.18190344E+02,1595,3575,7439
1.18210460E+02,1587,3585,7465
1.18230576E+02,1586,3590,7453
1.18250692E+02,1601,3586,7458
1.18270809E+02,1600,3567,7436
1.18290925E+02,1596,3560,7436
1.18311041E+02,1590,3560,7466
1.18331158E+02,1590,3575,7462
1.18351274E+02,1595,3566,7460
1.18371390E+02,1592,3552,7448
1.18391507E+02,1573,3567,7445
1.18411623E+02,1582,3561,7449
1.18431739E+02,1593,3572,7445
1.18451855E+02,1597,3581,7448
1.18471972E+02,1593,3571,7432
1.18492088E+02,1590,3579,7459
1.18512204E+02,1595,3568,7463
1.18532321E+02,1607,3553,7451
1.18552437E+02,1573,3579,7438
1.18572553E+02,1594,3581,7451
1.18592669E+02,1587,3568,7448
1.18612786E+02,1599,3591,7441
1.18632902E+02,1579,3557,7448
1.18653018E+02,1585,3582,7458
1.18673135E+02,1572,3574,7455
1.18693251E+02,1589,3571,7457
1.18713367E+02,1585,3590,7448
1.18733483E+02,1600,3602,7435
1.18753600E+02,1593,3579,7452
1.18773716E+02,1591,3566,7447
1.18793832E+02,1585,3573,7444
1.18813949E+02,1589,3587,7457
1.18834065E+02,1582,3578,7455
1.18854181E+02,1589,3572,7462
1.18874298E+02,1576,3568,7439
1.18894414E+02,1598,3564,7447
1.18914530E+02,1574,3567,7444
1.18934646E+02,1587,3578,7469
1.18954763E+02,1580,3596,7436
1.18974879E+02,1605,3572,7462
1.18994995E+02,1584,3581,7450
1.19015112E+02,1603,3583,7451
1.19035228E+02,1588,3583,7451
1.19055344E+02,1588,3571,7454
1.19075460E+02,1608,3584,7460
1.19095577E+02,1593,3573,7450
1.19115693E+02,1594,3604,7443
1.19135809E+02,1585,3579,7442
1.19155925E+02,1585,3576,7461
1.19176042E+02,1601,3576,7450
1.19196158E+02,1591,3574,7456
1.19216274E+02,1586,3584,7463
1.19236391E+02,1595,3574,7445
1.19256507E+02,1598,3577,7456
1.19276623E+02,1596,3584,7436
1.19296739E+02,1585,3575,7462
1.19316856E+02,1591,3582,7440
1.19336972E+02,1599,3565,7459
1.19357088E+02,1595,3574,7453
1.19377205E+02,1593,3590,7455
1.19397321E+02,1585,3571,7451
1.19417437E+02,1595,3587,7457
1.19437553E+02,1597,3564,7449
1.19457670E+02,1601,3571,7466
1.19477786E+02,1590,3580,7445
1.19497902E+02,1593,3578,7438
1.19518019E+02,1588,3579,7432
1.19538135E+02,1600,3585,7458
1.19558251E+02,1585,3556,7438
1.19578367E+02,1590,3578,7447
1.19598484E+02,1576,3568,7440
1.19618600E+02,1598,3585,7455
1.19638716E+02,1590,3580,7459
1.19658832E+02,1600,3590,7443
1.19678949E+02,1594,3574,7458
1.19699065E+02,1589,3579,7458
1.19719181E+02,1584,3575,7445
1.19739298E+02,1588,3580,7441
1.19759414E+02,1591,3583,7441
1.19779530E+02,1591,3583,7446
1.19799646E+02,1580,3589,7462
1.19819763E+02,1579,3574,7451
1.19839879E+02,1601,3593,7454
1.19859995E+02,1580,3574,7445
1.19880111E+02,1585,3575,7452
1.19900228E+02,1602,3588,7444
1.19920344E+02,1593,3580,7456
1.19940460E+02,1604,3578,7455
1.19960576E+02,1583,3560,7446
1.19980693E+02,1597,3582,7457
1.20000809E+02,1593,3580,7450
1.20020925E+02,1599,3583,7447
1.20041042E+02,1603,3587,7453
1.20061158E+02,1597,3594,7458
1.20081274E+02,1585,3568,7445
1.20101390E+02,1582,3594,7442
1.20121507E+02,1600,3586,7448
1.20141623E+02,1593,3585,7461
1.20161739E+02,1596,3584,7448
1.20181855E+02,1613,3572,7447
1.20201972E+02,1592,3571,7446
1.20222088E+02,1613,3580,7454
1.20242204E+02,1584,3581,7449
1.20262320E+02,1589,3573,7466
1.20282437E+02,1585,3585,7429
1.20302553E+02,1604,3570,7451
1.20322669E+02,1603,3580,7451
1.20342786E+02,1603,3581,7449
1.20362902E+02,1574,3583,7451
1.20383018E+02,1586,3580,7448
1.20403134E+02,1590,3590,7441
1.20423251E+02,1592,3603,7449
1.20443367E+02,1592,3580,7443
1.20463483E+02,1592,3589,7449
1.20483599E+02,1597,3570,7449
1.20503716E+02,1578,3570,7433
1.20523832E+02,1578,3579,7445
1.20543948E+02,1584,3581,7449
1.20564064E+02,1592,3568,7467
1.20584181E+02,1597,3582,7459
1.20604297E+02,1591,3567,7452
1.20624413E+02,1599,3579,7438
1.20644529E+02,1592,3588,7440
1.20664646E+02,1598,3586,7444
1.21E+02,1580,3588,7453
